INSERT INTO USER_SION (alamat_lengkap,email,nama,password) VALUES ('73 Straubel Place', 'dcrome0@wikispaces.com', 'Dari Crome', 'RuGHKTHE'),
('34 Namekagon Circle', 'cpaur1@ihg.com', 'Cos Paur', 'ebX1yBPPsjZ'),
('189 Vermont Avenue', 'lsweet2@salon.com', 'Linet Sweet', 'kxPv4RvxyzMw'),
('5793 Northwestern Circle', 'mwyard3@dagondesign.com', 'Maritsa Wyard', 'AUX9pOql4'),
('4545 Fairview Junction', 'kdruce4@smugmug.com', 'Kriste Druce', 'KEYgmuD'),
('190 Armistice Junction', 'gcalvie5@kickstarter.com', 'Guenna Calvie', 'zUdDO1x'),
('4 Trailsway Parkway', 'vcaroli6@mapy.cz', 'Vivianne Caroli', 'UzhrMIJBYL'),
('8 Kropf Trail', 'wbagworth7@bloomberg.com', 'Walton Bagworth', 'L5PeEdC2'),
('4602 Acker Parkway', 'jmcroberts8@opera.com', 'Jody McRoberts', '6KWQ8KVwlq'),
('378 Hanson Avenue', 'bpallent9@baidu.com', 'Brant Pallent', 'lK1LMo9teJxq'),
('98824 Manley Trail', 'eblancowea@alibaba.com', 'Enrichetta Blancowe', 'dsv7xM5N'),
('66861 Raven Avenue', 'aaddionisiob@princeton.edu', 'Ara Addionisio', 'xCbXD2K28S'),
('034 Delaware Drive', 'lpitkethlyc@tiny.cc', 'Laverne Pitkethly', 'mHYl1JCYfrtf'),
('3 Dennis Lane', 'mstickingsd@simplemachines.org', 'Munroe Stickings', 'kBRdHiqx7'),
('5557 Surrey Trail', 'mgrzesiewicze@histats.com', 'Marla Grzesiewicz', 'C7iZCHd'),
('6594 Del Sol Drive', 'zlosebief@disqus.com', 'Zacherie Losebie', 'EWyKLPi'),
('46 Maple Pass', 'afoneg@biglobe.ne.jp', 'Almeda Fone', 'hxeITRerCDK'),
('0 Stuart Center', 'akistingh@imgur.com', 'Allyn Kisting', 'iwmUka7YNfH'),
('57 Shopko Pass', 'cmillsomi@so-net.ne.jp', 'Cornie Millsom', 'eqH0GLOA'),
('468 Huxley Junction', 'bcroanj@pbs.org', 'Bertram Croan', '4Fbybn'),
('797 Weeping Birch Crossing', 'striggk@i2i.jp', 'Salli Trigg', 'mwufcaFP10Wl'),
('5 Mallory Parkway', 'gjirikl@sciencedirect.com', 'Geoff Jirik', 'JhZ5a3Gl74'),
('7617 Loftsgordon Point', 'bellardm@harvard.edu', 'Barry Ellard', 'hlt9KyFoj'),
('726 Stephen Street', 'svanichkovn@phpbb.com', 'Steffane Vanichkov', 'tABRAuy'),
('446 Tony Drive', 'tcurthoyso@arstechnica.com', 'Theda Curthoys', 'LiL0I1Eo'),
('1 Village Green Crossing', 'mbanburyp@friendfeed.com', 'Marylynne Banbury', 'KzvKfHvR7'),
('9395 Nobel Pass', 'blaydonq@ocn.ne.jp', 'Benny Laydon', '03yNm6GoI69'),
('9690 Crowley Park', 'jcalabryr@cmu.edu', 'Justinian Calabry', 'yHX4W47ggMf'),
('7632 Thackeray Circle', 'dmcbays@berkeley.edu', 'Danny McBay', 'ycspawCi'),
('2 Hanson Hill', 'kricciardiellot@google.com.au', 'Kayle Ricciardiello', 'Y6Tyqc'),
('484 Bartillon Place', 'evaissiereu@ibm.com', 'Elvis Vaissiere', 'pCtFxOb'),
('0776 Parkside Terrace', 'rwildashv@spotify.com', 'Rosabella Wildash', 'pnLpoeP'),
('7 Hauk Street', 'smaierw@ifeng.com', 'Sarene Maier', 'jreHrYwM'),
('0773 Saint Paul Terrace', 'bcundyx@reverbnation.com', 'Brnaba Cundy', 'yn2DuV'),
('2966 Oneill Street', 'sdarleyy@admin.ch', 'Sybil Darley', 'AliqUPgsjOgA'),
('87 Roxbury Street', 'aaharoniz@geocities.com', 'Aubrette Aharoni', 'dedEAq6BN'),
('08867 Hallows Street', 'mwithnall10@youtube.com', 'Michail Withnall', '9SMzFoNzL60s'),
('60 Weeping Birch Lane', 'cfraczak11@jugem.jp', 'Cornela Fraczak', 'UonZ4KrrD'),
('78 Reinke Park', 'mbernhardt12@tripadvisor.com', 'Minor Bernhardt', 'iCL2JOx5S3'),
('36603 Autumn Leaf Point', 'gfisher13@technorati.com', 'Ginevra Fisher', '2RLU4Y6ttf'),
('669 Holmberg Court', 'vmeriot14@wunderground.com', 'Vin Meriot', 'WneoeWnTu'),
('41210 Oxford Center', 'jplevin15@squidoo.com', 'Josie Plevin', 'hk1wQ1j'),
('791 Continental Junction', 'oduffan16@yolasite.com', 'Orren Duffan', '3sNGDEQOEws'),
('2 Barby Plaza', 'blaming17@devhub.com', 'Bab Laming', 'IcjuZV8QLj'),
('87001 Golden Leaf Alley', 'jgounel18@tuttocitta.it', 'Jordain Gounel', 'Ad4o3QFeh'),
('863 Hintze Alley', 'gbonson19@marketwatch.com', 'Gill Bonson', 'BIwUe1Qc'),
('1 Aberg Point', 'cjacob1a@webmd.com', 'Curran Jacob', 'kFttdVB9D'),
('72 Granby Junction', 'vokennedy1b@i2i.jp', 'Vyky O''Kennedy', '8Lh9DYiX0SI'),
('1 Cordelia Point', 'dcardon1c@unicef.org', 'Dinny Cardon', 'GAYpN5f0z'),
('93 Sachs Avenue', 'bpicot1d@businessinsider.com', 'Burnaby Picot', 'pAwbOt2JMkBG'),
('6 Tennessee Street', 'fbartrop1e@sciencedaily.com', 'Flossie Bartrop', 'Dfw84ZY'),
('31293 Reinke Street', 'rtalmadge1f@php.net', 'Rosemary Talmadge', '3y0RWJA'),
('3 Manufacturers Court', 'akezar1g@cdbaby.com', 'Ariella Kezar', 'NHNNfuT6boBq'),
('33 Comanche Place', 'ashadwick1h@spiegel.de', 'Amos Shadwick', 'BkFBdKJXg6Ll'),
('41722 Green Ridge Park', 'pstubbley1i@flavors.me', 'Philomena Stubbley', 'TCu7VPIxE'),
('6 Anthes Drive', 'kbruineman1j@wikipedia.org', 'Kendre Bruineman', 'E38iVu8'),
('3729 Kipling Terrace', 'aligertwood1k@who.int', 'Amelina Ligertwood', 'vdFhsxTiBc'),
('94 Granby Street', 'pgebb1l@yahoo.com', 'Portie Gebb', 'e7iRR514m'),
('376 Mayer Street', 'mdermot1m@foxnews.com', 'Mikel Dermot', 'qWfpCAMOcj'),
('370 Bartillon Center', 'bfeldhorn1n@gnu.org', 'Betsy Feldhorn', 'PJOQMLWsu7v'),
('25 Novick Junction', 'hbloomfield1o@tuttocitta.it', 'Hal Bloomfield', 'A9OGoH'),
('8531 Dexter Street', 'cpirdy1p@usatoday.com', 'Costanza Pirdy', 'nnl8olVH'),
('19429 Onsgard Avenue', 'mgehring1q@spiegel.de', 'Mohandas Gehring', '9bsDKhqYkd'),
('76725 Steensland Avenue', 'rinnocenti1r@comcast.net', 'Rog Innocenti', 'ESrGgrK'),
('86992 Lawn Plaza', 'kmcwhirter1s@ibm.com', 'Kerrill McWhirter', 'rNNlRT4'),
('41867 Surrey Pass', 'pcases1t@4shared.com', 'Phyllis Cases', 'flPvKbL'),
('044 Elka Junction', 'jgot1u@hao123.com', 'Jorie Got', '4LsGjhC'),
('54773 Spohn Circle', 'lcollopy1v@so-net.ne.jp', 'Lek Collopy', 'Bg9HoplF'),
('271 Bobwhite Center', 'bgreber1w@moonfruit.com', 'Bryan Greber', 'PaPtIqAP'),
('967 Doe Crossing Court', 'asouthern1x@mit.edu', 'Adolph Southern', 'b80W4b5hsQ8'),
('493 Basil Hill', 'flyford1y@homestead.com', 'Felice Lyford', 'ZwRcSISN3dz9'),
('453 Cascade Street', 'gbortolussi1z@yahoo.com', 'Georgina Bortolussi', 'knGDdLYx'),
('6956 Pond Street', 'kstickler20@nbcnews.com', 'Klaus Stickler', 'HW56OY'),
('131 Di Loreto Way', 'tpinyon21@amazonaws.com', 'Thomas Pinyon', 'xfObr1'),
('585 Hollow Ridge Lane', 'tmayhead22@hc360.com', 'Tommy Mayhead', 'Pdkh1g'),
('675 Scott Point', 'gstebbings23@ow.ly', 'Gray Stebbings', '78fPDD191zC'),
('07961 Trailsway Alley', 'swallworke24@imageshack.us', 'Saul Wallworke', 'F4RTgIE5'),
('07 Welch Lane', 'amconie25@com.com', 'Anita McOnie', 'AnMBfgca'),
('5615 Michigan Center', 'rbarents26@naver.com', 'Rudie Barents', 'zOZCEUNhChO'),
('17385 Lakewood Lane', 'ivieyra27@cbslocal.com', 'Inna Vieyra', 'uyQmVlm'),
('837 4th Circle', 'edilgarno28@canalblog.com', 'Emile Dilgarno', 'zwMDBqI1eU7w'),
('2 Ronald Regan Junction', 'jgeorgeon29@sbwire.com', 'Juliane Georgeon', 'lysUhWO'),
('53741 Westerfield Avenue', 'afortoun2a@imdb.com', 'Alonso Fortoun', 'HOqYIFrKw'),
('24 Ramsey Road', 'cbradnick2b@addtoany.com', 'Cristina Bradnick', 'CoWUrC'),
('4 Barnett Plaza', 'awhatman2c@twitpic.com', 'Arny Whatman', 'jR8IQRLBW5j'),
('10 Graedel Crossing', 'sidle2d@sfgate.com', 'Shannon Idle', 'pMUx5cl'),
('89235 Hovde Crossing', 'cshevlin2e@comcast.net', 'Cassandra Shevlin', 'CLC6DEzo2'),
('0358 Hallows Court', 'hthowless2f@opensource.org', 'Herbert Thowless', 'UDyegNIoX'),
('9 Lakeland Alley', 'vvillaret2g@utexas.edu', 'Vaclav Villaret', 'LVrHcWELP07'),
('2107 Macpherson Crossing', 'kstainton2h@state.gov', 'Kerr Stainton - Skinn', 'zPfyht2'),
('473 Barnett Hill', 'bbiggerdike2i@unesco.org', 'Beale Biggerdike', 'BVSk9lU4zB'),
('70 Park Meadow Road', 'acrawshaw2j@hexun.com', 'Al Crawshaw', '3aUKPzt'),
('9 Dixon Street', 'rglide2k@ox.ac.uk', 'Ruttger Glide', 'Jc67pngkpUz'),
('653 Holmberg Parkway', 'njameson2l@yandex.ru', 'Nerissa Jameson', 'XH9vmA0bj5'),
('32 Pine View Trail', 'cbream2m@shareasale.com', 'Carleton Bream', 'iRX0ixfuJ'),
('224 Di Loreto Lane', 'tlummis2n@springer.com', 'Tony Lummis', 'nTgRi9mzQ'),
('784 Corry Way', 'bfishbourn2o@berkeley.edu', 'Bertie Fishbourn', 'ifRPrw1O3A'),
('635 Mcguire Park', 'lbattill2p@apache.org', 'Lennie Battill', 'u0D1DNqr'),
('20 Knutson Crossing', 'sgeerits2q@tiny.cc', 'Susannah Geerits', 'FtPXx6My7mcC'),
('1 Main Center', 'eclubb2r@hp.com', 'Erhard Clubb', 'mytTIXlVZFz'),
('6 Everett Hill', 'jbutt2s@addthis.com', 'Joy Butt Gow', '33q57NKIdr'),
('4901 Mcguire Point', 'rskeldinge2t@sun.com', 'Rolando Skeldinge', 'muCdI6NlFd80'),
('3124 Fair Oaks Court', 'gjemison2u@mashable.com', 'Geri Jemison', 'DSy6roigncv5'),
('21 Mockingbird Trail', 'ksidnall2v@1und1.de', 'Kayle Sidnall', 'GdXC3RwU'),
('194 Clemons Way', 'cbilston2w@cmu.edu', 'Clyde Bilston', 'zkZ5d1wz'),
('1405 International Trail', 'kgress2x@last.fm', 'Katharina Gress', 'FRuQuiyq6J'),
('74473 5th Point', 'baskam2y@si.edu', 'Bryna Askam', 'FUQSQd'),
('578 Northridge Point', 'mcavanaugh2z@dmoz.org', 'Marco Cavanaugh', '3U6Hxy7ICp'),
('39 Esker Street', 'bdureden30@netscape.com', 'Bambi Dureden', 'vM0sGtUmQ'),
('324 Roxbury Center', 'ade31@t.co', 'Ashli De Mattei', 'LpcCAd1k'),
('33 Warner Road', 'ntwelvetree32@seattletimes.com', 'Noell Twelvetree', 'p5bb2hTJ2'),
('4344 Vahlen Hill', 'kduffrie33@live.com', 'Koressa Duffrie', 'kea5wWKnhsa'),
('3 Paget Road', 'scrosse34@usatoday.com', 'Sharona Crosse', '4NDbszMgB'),
('09846 Buell Trail', 'edomel35@icio.us', 'Em Domel', 'r5XduPof'),
('0906 Alpine Park', 'rjacklin36@samsung.com', 'Royall Jacklin', 'fIvoI6G0qUf'),
('09287 Swallow Crossing', 'mcardenosa37@histats.com', 'Myrta Cardenosa', 'y0qdLl5C6'),
('42 Butterfield Trail', 'wwillcock38@mozilla.com', 'Wanda Willcock', '4evMEQ7vHNM'),
('5401 Darwin Street', 'mcartner39@mlb.com', 'Meagan Cartner', 'gFL0ju1J0Gut'),
('3 Knutson Trail', 'mdrackford3a@sbwire.com', 'Marita Drackford', 'ZoP864g'),
('05370 Anhalt Road', 'wtrundell3b@gizmodo.com', 'Wiley Trundell', 'S7HonElEM'),
('1858 Portage Street', 'acurrington3c@answers.com', 'Ana Currington', '2gmVe4'),
('85102 Arrowood Place', 'godevey3d@over-blog.com', 'Giacomo O''Devey', 'RSrHxjb9MuW0'),
('0632 Algoma Street', 'pleamon3e@google.ru', 'Priscilla Leamon', 'jNPq4ts'),
('95 Hintze Court', 'dbroek3f@last.fm', 'Delinda Broek', 'Vq9GfzifbhZZ'),
('446 Pleasure Pass', 'rgarvie3g@geocities.com', 'Rog Garvie', 'NQhJpvm8UvOH'),
('0 Pearson Parkway', 'ddelion3h@prweb.com', 'Dilly Delion', 'sVi0YCWA'),
('986 Clyde Gallagher Street', 'wbonson3i@fc2.com', 'Wain Bonson', 'SndJSDu'),
('893 Eliot Hill', 'iglisenan3j@ifeng.com', 'Inga Glisenan', 'K6bwFdSt'),
('138 Forster Crossing', 'acarwithim3k@wikipedia.org', 'Aleece Carwithim', 'W8fYQ0l'),
('309 Steensland Avenue', 'jstopp3l@blogspot.com', 'Joannes Stopp', '1laz1RlM1bze'),
('27 Pawling Place', 'lmacgowan3m@networksolutions.com', 'Laurene MacGowan', 'v4yJCkhD'),
('55 Sommers Trail', 'bcrossthwaite3n@mediafire.com', 'Berkie Crossthwaite', 'SkS8vxtym'),
('040 Jackson Terrace', 'lbadwick3o@mtv.com', 'Lyman Badwick', 'tURBsFKo4hCq'),
('0591 Tomscot Circle', 'fcowdray3p@hao123.com', 'Frederich Cowdray', 'SsvzPKm'),
('2147 Tennyson Street', 'scominoli3q@webs.com', 'Sari Cominoli', 'XkIfyblG'),
('30 Duke Avenue', 'mstannion3r@timesonline.co.uk', 'Michal Stannion', '4Bg6YS7ZQzY'),
('96 Gerald Circle', 'ealan3s@wordpress.org', 'Etti Alan', 'LG7Yu636Rm'),
('40 Village Parkway', 'lantrag3t@youtube.com', 'Lenard Antrag', 'gxRR0RKdqq'),
('9451 Arrowood Drive', 'ehardaway3u@1und1.de', 'Elijah Hardaway', 'smuMv2nDfrQ'),
('3538 Toban Pass', 'sspargo3v@blogs.com', 'Susanetta Spargo', 'TbobyOfY8'),
('21359 Cardinal Pass', 'ftrumpeter3w@pagesperso-orange.fr', 'Fernande Trumpeter', 'lQbi6yl'),
('0 Dexter Parkway', 'jmoakson3x@seesaa.net', 'Jolynn Moakson', 'txoi45emm'),
('4746 Buell Drive', 'khatliffe3y@blogspot.com', 'Kriste Hatliffe', 'BzTJNhC'),
('82655 Northwestern Road', 'jspat3z@rambler.ru', 'Jennica Spat', 'plaOi9QqDwu'),
('474 Twin Pines Point', 'cbrazil40@pcworld.com', 'Cynthy Brazil', 'rTrfgRol'),
('18613 Forest Pass', 'aharmston41@bravesites.com', 'Antoinette Harmston', 'Wnm0PD'),
('97 Maywood Parkway', 'ntanman42@unblog.fr', 'Nerte Tanman', 'n6SapBEOc'),
('646 Erie Park', 'aoldershaw43@adobe.com', 'Alisun Oldershaw', '8MSCBL2D'),
('81524 Vidon Street', 'gdouse44@ca.gov', 'Gerardo Douse', 'qx1DOZWgF'),
('376 Acker Alley', 'bfrayne45@google.ru', 'Barn Frayne', 'kHnGAGM5Bn4N'),
('16 Pleasure Avenue', 'fblant46@zdnet.com', 'Fons Blant', 'QsdwRdso'),
('20 Valley Edge Point', 'kcannell47@about.com', 'Kimberli Cannell', 'NSpjnr6YkB'),
('48248 Meadow Ridge Alley', 'jbanyard48@desdev.cn', 'Jordana Banyard', 'BGOjotAS'),
('104 Hallows Junction', 'pjagson49@deviantart.com', 'Pierce Jagson', 'D2wEJiMs'),
('5 Sundown Parkway', 'apineaux4a@friendfeed.com', 'Aigneis Pineaux', 'RJ9ftbrbz'),
('5 Bunker Hill Trail', 'ttsarovic4b@nba.com', 'Tarah Tsarovic', 'EgqrX2wzMv'),
('8548 Barby Lane', 'sspellman4c@cdbaby.com', 'Sheri Spellman', 'zfP1lJr'),
('97 Mallory Circle', 'pcolerick4d@hud.gov', 'Padgett Colerick', 'sx93OI5vlL'),
('75326 Mifflin Drive', 'erhymes4e@vimeo.com', 'Elane Rhymes', 'h1d5vUBh95vL'),
('46394 Center Court', 'gjanuszewski4f@purevolume.com', 'Griselda Januszewski', 'p9z8nCq4iizE'),
('10941 John Wall Parkway', 'chanfrey4g@prlog.org', 'Christian Hanfrey', 'bGeDrY'),
('7296 Ridge Oak Plaza', 'tself4h@weibo.com', 'Thomas Self', '4fSEotqqJBTN'),
('47 Michigan Pass', 'rdeverock4i@gmpg.org', 'Roddie Deverock', 'UqdNmWY2StB'),
('69602 Grim Hill', 'dsteffans4j@fastcompany.com', 'Davie Steffans', 'XFwOuoUEt'),
('60827 Towne Drive', 'gbaggot4k@mail.ru', 'Gretchen Baggot', 'EitA1DUDLMHk'),
('78 Iowa Terrace', 'kcurran4l@dagondesign.com', 'Karalee Curran', '3ZO0DMZi1geZ'),
('174 Sugar Parkway', 'dpancoust4m@php.net', 'Darda Pancoust', 'EMUhAZe1X'),
('5537 Pond Pass', 'sroostan4n@cdbaby.com', 'Spence Roostan', '7pyOSSqkX'),
('4 Talmadge Court', 'itrevett4o@china.com.cn', 'Imelda Trevett', 'QHnbH0'),
('75 Michigan Way', 'gcrellin4p@hugedomains.com', 'Gilberte Crellin', 'XWGWzTAm9ZgT'),
('3 Arkansas Park', 'asharma4q@free.fr', 'Alidia Sharma', '7fPiMyy65Z'),
('4841 Dorton Center', 'ierricker4r@cnbc.com', 'Isaac Erricker', 'qjcZwD'),
('030 Ridge Oak Way', 'mhartshorn4s@salon.com', 'Maud Hartshorn', 'ExxWEB'),
('50731 Pankratz Court', 'fheiner4t@reddit.com', 'Fraze Heiner', 'Y79EXGllmoO'),
('957 Prentice Plaza', 'cpierse4u@twitpic.com', 'Cris Pierse', 'XoGEhLQwd'),
('74850 Meadow Ridge Hill', 'ljoskovitch4v@economist.com', 'Lila Joskovitch', 'erdl6UyzS'),
('50121 Becker Trail', 'mchater4w@jigsy.com', 'Minni Chater', 'YZBuFJ'),
('171 Thompson Parkway', 'cgrinham4x@archive.org', 'Cosetta Grinham', 'Vcqg0zu'),
('2 Declaration Hill', 'apaydon4y@hao123.com', 'Avrit Paydon', 'paeOvpgsz'),
('10594 Lillian Park', 'amarques4z@liveinternet.ru', 'Astrid Marques', 'vbZir2SM08Z'),
('26 Northridge Trail', 'hjolley50@google.fr', 'Hailee Jolley', 'PFIVY9i9dKA'),
('419 Transport Court', 'wferrai51@wiley.com', 'Wilhelmine Ferrai', 'huzYTGZ7ekA'),
('6 6th Way', 'mericssen52@hhs.gov', 'Matt Ericssen', 't2DsVzSDjbFW'),
('66159 Gateway Alley', 'ttuck53@acquirethisname.com', 'Thalia Tuck', 'YZ8u6xYL3Zqh'),
('92550 Maywood Street', 'gkinforth54@taobao.com', 'Gail Kinforth', 'UWsWBaBlkZ'),
('23455 Dapin Alley', 'bhakey55@reuters.com', 'Berta Hakey', 'gmWzoz8'),
('96 Melvin Circle', 'lstrange56@indiatimes.com', 'Lucia Strange', 'PS6VycgolpOP'),
('21 Jenna Pass', 'ehampe57@live.com', 'Emlyn Hampe', '0JG73w'),
('897 Little Fleur Avenue', 'agrigoroni58@g.co', 'Arni Grigoroni', 'eOO01VRA'),
('986 Jenifer Drive', 'khedditch59@wisc.edu', 'Kylie Hedditch', '0IODRxl86'),
('7497 Roth Trail', 'dsoltan5a@ameblo.jp', 'Dalia Soltan', '5stTc6V'),
('0 Lakewood Gardens Street', 'abehning5b@g.co', 'Aimee Behning', 'nv4LW6B'),
('2 Kingsford Terrace', 'hkimberley5c@meetup.com', 'Hermione Kimberley', 'xPRX90Tyfo1'),
('0 Shopko Parkway', 'khardwick5d@eventbrite.com', 'Kiersten Hardwick', 'jKnr4yl'),
('1 Pond Point', 'apaulot5e@fastcompany.com', 'Alaster Paulot', '8RHKUx'),
('57 Haas Junction', 'psammars5f@examiner.com', 'Pieter Sammars', '09rTSS'),
('7 Westend Junction', 'cvasenkov5g@apache.org', 'Cecelia Vasenkov', 'xtd9X3N6E'),
('600 Rutledge Place', 'fmcdonnell5h@tripod.com', 'Fallon McDonnell', '7XDdARFy'),
('598 Hollow Ridge Alley', 'efilby5i@examiner.com', 'Etan Filby', 'FSKWUl7j'),
('4535 Logan Place', 'slithcow5j@skyrock.com', 'Spence Lithcow', 'oXUSIVRv');
INSERT INTO SPONSOR (email,logo_sponsor) VALUES ('dcrome0@wikispaces.com', 'http://dummyimage.com/216x235.png/dddddd/000000'),
('cpaur1@ihg.com', 'http://dummyimage.com/203x245.bmp/cc0000/ffffff'),
('lsweet2@salon.com', 'http://dummyimage.com/203x204.png/dddddd/000000'),
('mwyard3@dagondesign.com', 'http://dummyimage.com/195x100.jpg/5fa2dd/ffffff'),
('kdruce4@smugmug.com', 'http://dummyimage.com/220x221.bmp/dddddd/000000'),
('gcalvie5@kickstarter.com', 'http://dummyimage.com/210x123.jpg/5fa2dd/ffffff'),
('vcaroli6@mapy.cz', 'http://dummyimage.com/250x159.bmp/cc0000/ffffff'),
('wbagworth7@bloomberg.com', 'http://dummyimage.com/223x192.png/5fa2dd/ffffff'),
('jmcroberts8@opera.com', 'http://dummyimage.com/206x123.png/cc0000/ffffff'),
('bpallent9@baidu.com', 'http://dummyimage.com/213x237.jpg/dddddd/000000'),
('eblancowea@alibaba.com', 'http://dummyimage.com/169x135.jpg/dddddd/000000'),
('aaddionisiob@princeton.edu', 'http://dummyimage.com/111x227.jpg/cc0000/ffffff'),
('lpitkethlyc@tiny.cc', 'http://dummyimage.com/120x184.png/5fa2dd/ffffff'),
('mstickingsd@simplemachines.org', 'http://dummyimage.com/105x116.bmp/cc0000/ffffff'),
('mgrzesiewicze@histats.com', 'http://dummyimage.com/121x226.jpg/ff4444/ffffff'),
('zlosebief@disqus.com', 'http://dummyimage.com/136x165.jpg/5fa2dd/ffffff'),
('afoneg@biglobe.ne.jp', 'http://dummyimage.com/136x168.png/dddddd/000000'),
('akistingh@imgur.com', 'http://dummyimage.com/107x249.bmp/ff4444/ffffff'),
('cmillsomi@so-net.ne.jp', 'http://dummyimage.com/107x231.bmp/5fa2dd/ffffff'),
('bcroanj@pbs.org', 'http://dummyimage.com/234x183.bmp/ff4444/ffffff'),
('striggk@i2i.jp', 'http://dummyimage.com/228x196.jpg/ff4444/ffffff'),
('gjirikl@sciencedirect.com', 'http://dummyimage.com/231x154.bmp/cc0000/ffffff'),
('bellardm@harvard.edu', 'http://dummyimage.com/124x147.png/cc0000/ffffff'),
('svanichkovn@phpbb.com', 'http://dummyimage.com/162x113.png/cc0000/ffffff'),
('tcurthoyso@arstechnica.com', 'http://dummyimage.com/151x170.png/cc0000/ffffff');
INSERT INTO DONATUR (email,saldo) VALUES ('mbanburyp@friendfeed.com', '1000000'),
('blaydonq@ocn.ne.jp', '1100000'),
('jcalabryr@cmu.edu', '1200000'),
('dmcbays@berkeley.edu', '1300000'),
('kricciardiellot@google.com.au', '1400000'),
('evaissiereu@ibm.com', '1500000'),
('rwildashv@spotify.com', '1600000'),
('smaierw@ifeng.com', '1700000'),
('bcundyx@reverbnation.com', '1800000'),
('sdarleyy@admin.ch', '1900000'),
('aaharoniz@geocities.com', '2000000'),
('mwithnall10@youtube.com', '2100000'),
('cfraczak11@jugem.jp', '2200000'),
('mbernhardt12@tripadvisor.com', '2300000'),
('gfisher13@technorati.com', '2400000'),
('vmeriot14@wunderground.com', '2500000'),
('jplevin15@squidoo.com', '2600000'),
('oduffan16@yolasite.com', '2700000'),
('blaming17@devhub.com', '2800000'),
('jgounel18@tuttocitta.it', '2900000'),
('gbonson19@marketwatch.com', '3000000'),
('cjacob1a@webmd.com', '3100000'),
('vokennedy1b@i2i.jp', '3200000'),
('dcardon1c@unicef.org', '3300000'),
('bpicot1d@businessinsider.com', '3400000');
INSERT INTO RELAWAN (email,no_hp,tanggal_lahir) VALUES ('fbartrop1e@sciencedaily.com', '081284560601', '11/25/1996'),
('rtalmadge1f@php.net', '081284560602', '11/14/2008'),
('akezar1g@cdbaby.com', '081284560603', '9/24/1993'),
('ashadwick1h@spiegel.de', '081284560604', '12/25/1989'),
('pstubbley1i@flavors.me', '081284560605', '11/19/2017'),
('kbruineman1j@wikipedia.org', '081284560606', '7/13/1990'),
('aligertwood1k@who.int', '081284560607', '5/10/2014'),
('pgebb1l@yahoo.com', '081284560608', '4/6/2012'),
('mdermot1m@foxnews.com', '081284560609', '3/16/2012'),
('bfeldhorn1n@gnu.org', '081284560610', '4/8/2004'),
('hbloomfield1o@tuttocitta.it', '081284560611', '5/31/2016'),
('cpirdy1p@usatoday.com', '081284560612', '9/24/1981'),
('mgehring1q@spiegel.de', '081284560613', '6/19/1983'),
('rinnocenti1r@comcast.net', '081284560614', '11/18/2007'),
('kmcwhirter1s@ibm.com', '081284560615', '9/5/2005'),
('pcases1t@4shared.com', '081284560616', '1/5/2015'),
('jgot1u@hao123.com', '081284560617', '11/29/2005'),
('lcollopy1v@so-net.ne.jp', '081284560618', '12/8/1992'),
('bgreber1w@moonfruit.com', '081284560619', '12/12/1996'),
('asouthern1x@mit.edu', '081284560620', '8/9/2008'),
('flyford1y@homestead.com', '081284560621', '11/26/1995'),
('gbortolussi1z@yahoo.com', '081284560622', '11/7/1984'),
('kstickler20@nbcnews.com', '081284560623', '2/23/1984'),
('tpinyon21@amazonaws.com', '081284560624', '3/31/1998'),
('tmayhead22@hc360.com', '081284560625', '5/10/2004'),
('gstebbings23@ow.ly', '081284560626', '10/5/2016'),
('swallworke24@imageshack.us', '081284560627', '4/23/1992'),
('amconie25@com.com', '081284560628', '4/14/1983'),
('rbarents26@naver.com', '081284560629', '10/28/1983'),
('ivieyra27@cbslocal.com', '081284560630', '7/15/2014'),
('edilgarno28@canalblog.com', '081284560631', '1/10/1998'),
('jgeorgeon29@sbwire.com', '081284560632', '9/4/1988'),
('afortoun2a@imdb.com', '081284560633', '12/12/1991'),
('cbradnick2b@addtoany.com', '081284560634', '2/4/2004'),
('awhatman2c@twitpic.com', '081284560635', '6/29/1982'),
('sidle2d@sfgate.com', '081284560636', '12/16/2013'),
('cshevlin2e@comcast.net', '081284560637', '5/19/2011'),
('hthowless2f@opensource.org', '081284560638', '4/1/1990'),
('vvillaret2g@utexas.edu', '081284560639', '11/29/1994'),
('kstainton2h@state.gov', '081284560640', '7/13/2001'),
('bbiggerdike2i@unesco.org', '081284560641', '12/9/1990'),
('acrawshaw2j@hexun.com', '081284560642', '5/3/1998'),
('rglide2k@ox.ac.uk', '081284560643', '11/17/1995'),
('njameson2l@yandex.ru', '081284560644', '2/3/2001'),
('cbream2m@shareasale.com', '081284560645', '6/10/2014'),
('tlummis2n@springer.com', '081284560646', '10/21/1998'),
('bfishbourn2o@berkeley.edu', '081284560647', '7/3/1988'),
('lbattill2p@apache.org', '081284560648', '6/12/2004'),
('sgeerits2q@tiny.cc', '081284560649', '6/9/1992'),
('eclubb2r@hp.com', '081284560650', '7/14/1999');
INSERT INTO KEAHLIAN_RELAWAN (email,keahlian) VALUES ('hthowless2f@opensource.org', 'synergize end-to-end applications'),
('hbloomfield1o@tuttocitta.it', 'reinvent back-end networks'),
('kstainton2h@state.gov', 'empower synergistic markets'),
('sidle2d@sfgate.com', 'exploit strategic info-mediaries'),
('vvillaret2g@utexas.edu', 'syndicate killer niches'),
('kstickler20@nbcnews.com', 'optimize mission-critical schemas'),
('lcollopy1v@so-net.ne.jp', 'embrace collaborative content'),
('akezar1g@cdbaby.com', 'repurpose frictionless functionalities'),
('rtalmadge1f@php.net', 'aggregate ubiquitous bandwidth'),
('sgeerits2q@tiny.cc', 'repurpose e-business bandwidth'),
('hthowless2f@opensource.org', 'seize intuitive models'),
('kstickler20@nbcnews.com', 'aggregate front-end info-mediaries'),
('tpinyon21@amazonaws.com', 'implement leading-edge initiatives'),
('njameson2l@yandex.ru', 'engage vertical convergence'),
('cpirdy1p@usatoday.com', 'innovate turn-key web-readiness'),
('njameson2l@yandex.ru', 'scale extensible schemas'),
('bfeldhorn1n@gnu.org', 'aggregate seamless functionalities'),
('pcases1t@4shared.com', 'reinvent virtual channels'),
('swallworke24@imageshack.us', 'envisioneer web-enabled content'),
('njameson2l@yandex.ru', 'reinvent proactive bandwidth'),
('amconie25@com.com', 'exploit sticky users'),
('eclubb2r@hp.com', 'drive dot-com action-items'),
('lcollopy1v@so-net.ne.jp', 'facilitate bricks-and-clicks niches'),
('rinnocenti1r@comcast.net', 'aggregate synergistic methodologies'),
('rtalmadge1f@php.net', 'enable front-end infrastructures'),
('eclubb2r@hp.com', 'deploy killer systems'),
('fbartrop1e@sciencedaily.com', 'extend holistic synergies'),
('lcollopy1v@so-net.ne.jp', 'matrix 24/7 ROI'),
('lcollopy1v@so-net.ne.jp', 'scale synergistic convergence'),
('amconie25@com.com', 'facilitate proactive partnerships'),
('eclubb2r@hp.com', 'target wireless markets'),
('bgreber1w@moonfruit.com', 'strategize enterprise e-commerce'),
('vvillaret2g@utexas.edu', 'incentivize intuitive action-items'),
('cshevlin2e@comcast.net', 'architect frictionless mindshare'),
('jgot1u@hao123.com', 'morph enterprise applications'),
('edilgarno28@canalblog.com', 'seize virtual info-mediaries'),
('mgehring1q@spiegel.de', 'revolutionize proactive users'),
('tmayhead22@hc360.com', 'optimize sexy action-items'),
('kstainton2h@state.gov', 'innovate cross-platform metrics'),
('tpinyon21@amazonaws.com', 'engineer dynamic web services'),
('bgreber1w@moonfruit.com', 'unleash magnetic technologies'),
('vvillaret2g@utexas.edu', 'integrate e-business synergies'),
('akezar1g@cdbaby.com', 'aggregate synergistic mindshare'),
('awhatman2c@twitpic.com', 'engineer magnetic eyeballs'),
('swallworke24@imageshack.us', 'optimize transparent communities'),
('jgot1u@hao123.com', 'envisioneer one-to-one solutions'),
('bgreber1w@moonfruit.com', 'matrix rich networks'),
('sgeerits2q@tiny.cc', 'seize enterprise models'),
('aligertwood1k@who.int', 'enable dot-com e-tailers'),
('kstainton2h@state.gov', 'benchmark customized paradigms'),
('rbarents26@naver.com', 'incubate compelling markets'),
('mgehring1q@spiegel.de', 'mesh collaborative methodologies'),
('bgreber1w@moonfruit.com', 'architect extensible eyeballs'),
('gstebbings23@ow.ly', 'grow leading-edge partnerships'),
('tpinyon21@amazonaws.com', 'embrace scalable markets'),
('gbortolussi1z@yahoo.com', 'orchestrate bleeding-edge functionalities'),
('eclubb2r@hp.com', 'implement innovative e-services'),
('mgehring1q@spiegel.de', 'implement collaborative content'),
('afortoun2a@imdb.com', 'productize best-of-breed e-business'),
('flyford1y@homestead.com', 'leverage B2C action-items'),
('jgot1u@hao123.com', 'engage compelling technologies'),
('lbattill2p@apache.org', 'enhance leading-edge paradigms'),
('vvillaret2g@utexas.edu', 'scale world-class technologies'),
('tmayhead22@hc360.com', 'facilitate front-end partnerships'),
('rglide2k@ox.ac.uk', 'transition compelling info-mediaries'),
('bgreber1w@moonfruit.com', 'aggregate collaborative e-tailers'),
('swallworke24@imageshack.us', 'generate scalable metrics'),
('sgeerits2q@tiny.cc', 'matrix next-generation metrics'),
('mgehring1q@spiegel.de', 'implement interactive technologies'),
('acrawshaw2j@hexun.com', 'incentivize leading-edge interfaces'),
('ashadwick1h@spiegel.de', 'e-enable viral infrastructures'),
('acrawshaw2j@hexun.com', 'visualize synergistic web services'),
('akezar1g@cdbaby.com', 'e-enable next-generation action-items'),
('afortoun2a@imdb.com', 'revolutionize e-business portals'),
('vvillaret2g@utexas.edu', 'synergize holistic portals'),
('pcases1t@4shared.com', 'syndicate turn-key vortals'),
('rinnocenti1r@comcast.net', 'scale strategic platforms'),
('mdermot1m@foxnews.com', 'whiteboard back-end e-tailers'),
('amconie25@com.com', 'synthesize B2B paradigms'),
('akezar1g@cdbaby.com', 'facilitate cross-platform e-services'),
('afortoun2a@imdb.com', 'embrace one-to-one networks'),
('rglide2k@ox.ac.uk', 'drive visionary bandwidth'),
('afortoun2a@imdb.com', 'expedite wireless architectures'),
('hbloomfield1o@tuttocitta.it', 'benchmark value-added supply-chains'),
('aligertwood1k@who.int', 'optimize sticky users'),
('cshevlin2e@comcast.net', 'redefine interactive partnerships'),
('kmcwhirter1s@ibm.com', 'repurpose viral systems'),
('tpinyon21@amazonaws.com', 'empower next-generation synergies'),
('hthowless2f@opensource.org', 'embrace granular web services'),
('gbortolussi1z@yahoo.com', 'streamline viral eyeballs'),
('ashadwick1h@spiegel.de', 'envisioneer compelling deliverables'),
('mgehring1q@spiegel.de', 'facilitate virtual users'),
('tlummis2n@springer.com', 'seize global vortals'),
('kmcwhirter1s@ibm.com', 'generate front-end web-readiness'),
('gbortolussi1z@yahoo.com', 'seize strategic e-tailers'),
('kstickler20@nbcnews.com', 'transition visionary web services'),
('kstickler20@nbcnews.com', 'embrace web-enabled convergence'),
('eclubb2r@hp.com', 'whiteboard viral ROI'),
('jgot1u@hao123.com', 'maximize strategic info-mediaries'),
('rbarents26@naver.com', 'grow vertical users'),
('vvillaret2g@utexas.edu', 'transition rich relationships'),
('swallworke24@imageshack.us', 'visualize global schemas'),
('mgehring1q@spiegel.de', 'reinvent back-end applications'),
('swallworke24@imageshack.us', 'mesh user-centric e-markets'),
('tmayhead22@hc360.com', 'synergize turn-key platforms'),
('mgehring1q@spiegel.de', 'transform strategic portals'),
('cbradnick2b@addtoany.com', 'maximize collaborative web-readiness'),
('jgeorgeon29@sbwire.com', 're-contextualize collaborative systems'),
('gbortolussi1z@yahoo.com', 'mesh dot-com e-business'),
('hthowless2f@opensource.org', 'integrate collaborative supply-chains'),
('cpirdy1p@usatoday.com', 're-intermediate transparent e-markets'),
('bfishbourn2o@berkeley.edu', 'productize front-end supply-chains'),
('swallworke24@imageshack.us', 'drive next-generation models'),
('jgeorgeon29@sbwire.com', 'productize turn-key users'),
('jgeorgeon29@sbwire.com', 'enable sticky supply-chains'),
('kmcwhirter1s@ibm.com', 'deliver open-source supply-chains'),
('gbortolussi1z@yahoo.com', 'reinvent plug-and-play markets'),
('jgeorgeon29@sbwire.com', 'seize e-business partnerships'),
('bbiggerdike2i@unesco.org', 'empower open-source infrastructures'),
('swallworke24@imageshack.us', 'repurpose clicks-and-mortar info-mediaries'),
('kstainton2h@state.gov', 'envisioneer value-added experiences'),
('rtalmadge1f@php.net', 'facilitate wireless niches'),
('asouthern1x@mit.edu', 'cultivate strategic networks'),
('mgehring1q@spiegel.de', 'repurpose sticky action-items'),
('afortoun2a@imdb.com', 'iterate innovative technologies'),
('rinnocenti1r@comcast.net', 'architect killer partnerships'),
('rtalmadge1f@php.net', 'seize innovative schemas'),
('pgebb1l@yahoo.com', 'deploy value-added platforms'),
('kstickler20@nbcnews.com', 'extend frictionless web-readiness'),
('cshevlin2e@comcast.net', 'deliver best-of-breed solutions'),
('vvillaret2g@utexas.edu', 'grow interactive e-services'),
('pgebb1l@yahoo.com', 'incubate leading-edge paradigms'),
('cshevlin2e@comcast.net', 'visualize clicks-and-mortar paradigms'),
('acrawshaw2j@hexun.com', 'transition visionary technologies'),
('bfeldhorn1n@gnu.org', 'generate granular models'),
('tlummis2n@springer.com', 'revolutionize robust eyeballs'),
('kbruineman1j@wikipedia.org', 'exploit virtual interfaces'),
('awhatman2c@twitpic.com', 'e-enable viral bandwidth'),
('mdermot1m@foxnews.com', 'benchmark virtual paradigms'),
('bbiggerdike2i@unesco.org', 'revolutionize mission-critical web-readiness'),
('hthowless2f@opensource.org', 'redefine bleeding-edge solutions'),
('tmayhead22@hc360.com', 'architect impactful solutions'),
('jgot1u@hao123.com', 'brand cross-media applications'),
('vvillaret2g@utexas.edu', 'innovate vertical e-commerce'),
('sidle2d@sfgate.com', 'productize visionary web services'),
('vvillaret2g@utexas.edu', 'leverage best-of-breed supply-chains'),
('rbarents26@naver.com', 'empower seamless interfaces'),
('fbartrop1e@sciencedaily.com', 'grow web-enabled users'),
('pgebb1l@yahoo.com', 'brand mission-critical solutions'),
('tmayhead22@hc360.com', 'syndicate holistic relationships'),
('eclubb2r@hp.com', 'synergize wireless e-tailers'),
('mdermot1m@foxnews.com', 'streamline granular e-markets'),
('akezar1g@cdbaby.com', 'innovate killer functionalities'),
('rtalmadge1f@php.net', 'benchmark impactful e-tailers'),
('pcases1t@4shared.com', 'iterate user-centric infrastructures'),
('edilgarno28@canalblog.com', 'reinvent visionary convergence'),
('lbattill2p@apache.org', 'unleash value-added e-services'),
('amconie25@com.com', 'synergize dot-com solutions'),
('ivieyra27@cbslocal.com', 'aggregate cutting-edge e-commerce'),
('bfishbourn2o@berkeley.edu', 'reinvent integrated infrastructures'),
('rglide2k@ox.ac.uk', 'facilitate out-of-the-box systems'),
('fbartrop1e@sciencedaily.com', 'visualize end-to-end eyeballs'),
('acrawshaw2j@hexun.com', 'iterate out-of-the-box vortals'),
('sidle2d@sfgate.com', 're-intermediate collaborative channels'),
('acrawshaw2j@hexun.com', 'streamline clicks-and-mortar applications'),
('rbarents26@naver.com', 'disintermediate 24/365 systems'),
('cbradnick2b@addtoany.com', 'streamline ubiquitous channels'),
('tmayhead22@hc360.com', 'empower bleeding-edge convergence'),
('sgeerits2q@tiny.cc', 'redefine plug-and-play platforms'),
('kstickler20@nbcnews.com', 'engineer compelling bandwidth'),
('edilgarno28@canalblog.com', 'synergize ubiquitous technologies'),
('eclubb2r@hp.com', 'visualize cutting-edge systems'),
('rtalmadge1f@php.net', 'brand visionary supply-chains'),
('awhatman2c@twitpic.com', 'productize strategic supply-chains'),
('vvillaret2g@utexas.edu', 'leverage visionary convergence'),
('rinnocenti1r@comcast.net', 'innovate intuitive info-mediaries'),
('tpinyon21@amazonaws.com', 'orchestrate transparent users'),
('njameson2l@yandex.ru', 'visualize virtual web services'),
('gbortolussi1z@yahoo.com', 'engage web-enabled initiatives'),
('lcollopy1v@so-net.ne.jp', 'revolutionize viral interfaces'),
('njameson2l@yandex.ru', 'engage rich e-business'),
('pgebb1l@yahoo.com', 'productize B2B metrics'),
('rglide2k@ox.ac.uk', 'harness user-centric interfaces'),
('bfishbourn2o@berkeley.edu', 'harness cross-platform platforms'),
('awhatman2c@twitpic.com', 'implement killer e-markets'),
('eclubb2r@hp.com', 'synthesize back-end ROI'),
('sidle2d@sfgate.com', 'visualize revolutionary functionalities'),
('rtalmadge1f@php.net', 'whiteboard cross-media channels'),
('fbartrop1e@sciencedaily.com', 'generate strategic mindshare'),
('akezar1g@cdbaby.com', 'productize interactive platforms'),
('kmcwhirter1s@ibm.com', 'envisioneer world-class methodologies'),
('mdermot1m@foxnews.com', 'morph cutting-edge users'),
('pcases1t@4shared.com', 'facilitate efficient infrastructures'),
('tmayhead22@hc360.com', 'synthesize compelling niches'),
('kbruineman1j@wikipedia.org', 'integrate global deliverables'),
('mdermot1m@foxnews.com', 'transform real-time channels'),
('pcases1t@4shared.com', 'aggregate one-to-one applications'),
('mgehring1q@spiegel.de', 'maximize bricks-and-clicks channels'),
('tlummis2n@springer.com', 'engage killer supply-chains'),
('tmayhead22@hc360.com', 'streamline value-added web-readiness'),
('rbarents26@naver.com', 'incubate customized mindshare'),
('tlummis2n@springer.com', 'visualize intuitive mindshare'),
('bfishbourn2o@berkeley.edu', 'extend web-enabled solutions'),
('cbream2m@shareasale.com', 'visualize virtual web-readiness'),
('hbloomfield1o@tuttocitta.it', 'visualize world-class partnerships'),
('hthowless2f@opensource.org', 'disintermediate cutting-edge experiences'),
('cshevlin2e@comcast.net', 'innovate cross-media web services'),
('cbream2m@shareasale.com', 'incentivize extensible deliverables'),
('sidle2d@sfgate.com', 'aggregate proactive schemas'),
('edilgarno28@canalblog.com', 'streamline world-class e-markets'),
('cshevlin2e@comcast.net', 'morph synergistic vortals'),
('acrawshaw2j@hexun.com', 'redefine strategic models'),
('jgot1u@hao123.com', 'brand customized experiences'),
('tmayhead22@hc360.com', 'empower real-time info-mediaries'),
('fbartrop1e@sciencedaily.com', 're-intermediate end-to-end solutions'),
('jgot1u@hao123.com', 'innovate value-added e-tailers'),
('bfeldhorn1n@gnu.org', 'expedite dynamic channels'),
('afortoun2a@imdb.com', 'enhance e-business functionalities'),
('rinnocenti1r@comcast.net', 'monetize end-to-end web-readiness'),
('cbradnick2b@addtoany.com', 'incentivize distributed ROI'),
('bgreber1w@moonfruit.com', 'morph e-business applications'),
('pstubbley1i@flavors.me', 're-intermediate magnetic deliverables'),
('sgeerits2q@tiny.cc', 'repurpose out-of-the-box communities'),
('cbradnick2b@addtoany.com', 'transition clicks-and-mortar users'),
('cbradnick2b@addtoany.com', 'integrate value-added e-business');
INSERT INTO ORGANISASI (email_organisasi,kabupaten_kota,kecamatan,kelurahan,kode_pos,nama,provinsi,status_verifikasi,website) VALUES ('cindywong@clark-torres.biz', 'West Pamela', 'Smith Manors', 'Dunlap Corner', '50081-3741', 'Smith, Anderson and Thompson and Sons', 'Georgia', 'Not verified', 'http://clark-torres.biz/'),
('ryanmarshall@greene.com', 'South Robert', 'Jennifer Falls', 'Sarah Turnpike', '65538', 'Jones-Bright Group', 'Kentucky', 'Verified', 'https://greene.com/'),
('lowetimothy@collier.biz', 'Teresaland', 'Stevens Cove', 'West Highway', '11361', 'Jackson-Berg Inc', 'Oklahoma', 'Verified', 'https://collier.biz/'),
('sharonhensley@thomas.com', 'Port Samuelton', 'Joann Dam', 'Stacy Roads', '24777-4741', 'Kelley Inc Inc', 'Connecticut', 'Not verified', 'https://thomas.com/'),
('griffithwilliam@freeman.com', 'New Kimberly', 'Anne Road', 'Tracy Crossroad', '56193', 'Woods, Kelly and Hernandez LLC', 'Connecticut', 'Verified', 'https://freeman.com/'),
('lgarza@moreno-villarreal.com', 'Port Deborah', 'Garcia Burg', 'Daniel Shores', '48885-6294', 'Carter Inc Inc', 'New Hampshire', 'Verified', 'http://moreno-villarreal.com/'),
('trananthony@brown.com', 'Hallfurt', 'Long Plains', 'Nelson Greens', '89493', 'Palmer Inc Group', 'West Virginia', 'Not verified', 'https://brown.com/'),
('marktaylor@haynes.com', 'Port Amandahaven', 'Marshall Springs', 'Maria Estate', '81477-5108', 'Taylor-Joseph PLC', 'West Virginia', 'Verified', 'https://haynes.com/'),
('kendrapatterson@salinas.com', 'Lake Kennethmouth', 'Gardner Lane', 'Taylor Oval', '95578-8145', 'Mcguire-Calderon Group', 'Wisconsin', 'Not verified', 'http://salinas.com/'),
('petersonmichael@miller-gray.com', 'Maryton', 'Ronnie Divide', 'Ann Neck', '78495-1839', 'Morton and Sons PLC', 'New Mexico', 'Not verified', 'http://miller-gray.com/'),
('nguyenryan@peck.com', 'New Marc', 'Cassidy Land', 'Williamson Park', '51387', 'Rivera, Simmons and Gutierrez Ltd', 'Maine', 'Verified', 'http://peck.com/'),
('ronald25@fields.com', 'Strongview', 'Mendez Road', 'Perez View', '43983-1588', 'Gutierrez and Sons PLC', 'California', 'Not verified', 'https://fields.com/'),
('douglashatfield@decker-woodard.com', 'Lake James', 'Miller Cliff', 'Anthony Landing', '23726-7396', 'Hernandez, Holt and Alvarez Group', 'Arkansas', 'Verified', 'http://decker-woodard.com/'),
('wterry@jones.org', 'Ramirezbury', 'Ricky Mill', 'Montgomery Mountains', '96299-6113', 'Dean PLC and Sons', 'New Jersey', 'Verified', 'http://jones.org/'),
('kevincannon@sims.biz', 'South Christopher', 'Gail Skyway', 'Valdez Overpass', '82839', 'Sanders Inc Inc', 'Massachusetts', 'Verified', 'https://sims.biz/'),
('uhoward@thomas.net', 'Bradleyfurt', 'Diane Tunnel', 'Jones Groves', '59941-5150', 'Khan-Rubio LLC', 'Missouri', 'Verified', 'http://thomas.net/'),
('thomaspeters@rodriguez.com', 'South Shawnside', 'Jeffrey Hollow', 'Scott Union', '06380-8939', 'Bernard, Webster and Scott Inc', 'Iowa', 'Not verified', 'https://rodriguez.com/'),
('michaelrogers@johnston-zavala.com', 'Tylertown', 'Ruiz Coves', 'Wheeler Lodge', '43921-0678', 'Collins Inc Group', 'Minnesota', 'Verified', 'https://johnston-zavala.com/'),
('xenglish@mcdaniel.com', 'Josephport', 'Bailey Unions', 'Williams Roads', '16683-8805', 'Burns LLC Inc', 'Illinois', 'Not verified', 'http://mcdaniel.com/'),
('shelley15@moran.com', 'New Bradleyborough', 'Roy Lock', 'Lorraine Land', '88533-6080', 'Hodge Ltd LLC', 'Colorado', 'Not verified', 'https://moran.com/'),
('jennifermedina@edwards.com', 'Amyside', 'Cummings Falls', 'Philip Springs', '69426', 'Lee and Sons Group', 'North Dakota', 'Verified', 'https://edwards.com/'),
('kevinsalinas@potts.net', 'Michaelton', 'Karen Light', 'Jackson Pass', '16172-1610', 'Walters Ltd LLC', 'Maryland', 'Verified', 'http://potts.net/'),
('lpotts@mayo.org', 'Port Amanda', 'Joshua Fork', 'Jill Cliff', '81330', 'Fisher, Farrell and Scott Ltd', 'North Carolina', 'Not verified', 'http://mayo.org/'),
('flyons@wall.com', 'Port Nicoleland', 'Susan Greens', 'Katelyn Shoal', '40585', 'Hernandez, Gordon and Washington LLC', 'California', 'Verified', 'https://wall.com/'),
('richardallison@morrow-jackson.net', 'Hernandezstad', 'Jose Port', 'Brianna Corner', '62823-3925', 'Wise-Lopez PLC', 'Idaho', 'Verified', 'https://morrow-jackson.net/'),
('sarah68@fletcher.com', 'Walterston', 'Howard Courts', 'Sanchez Valley', '54756', 'Miller-Weiss Ltd', 'Missouri', 'Verified', 'https://fletcher.com/'),
('marc24@lewis.org', 'North Erin', 'Catherine Ville', 'Amy Cape', '84853', 'Jones PLC Group', 'Mississippi', 'Verified', 'https://lewis.org/'),
('ruizheather@freeman.com', 'North Frankville', 'Donna Bypass', 'Susan Points', '25051', 'Sexton PLC Inc', 'California', 'Not verified', 'https://freeman.com/'),
('jacquelinehood@bowman-lewis.biz', 'West Tina', 'Heidi Pines', 'Smith Divide', '45347-3583', 'Hill, Johnson and Adams and Sons', 'Washington', 'Verified', 'https://bowman-lewis.biz/'),
('jenningselizabeth@sweeney.com', 'Jerryton', 'Joseph Lodge', 'Gonzalez Greens', '88809', 'Watson Ltd Group', 'West Virginia', 'Verified', 'https://sweeney.com/');
INSERT INTO PENGURUS_ORGANISASI (email,organisasi) VALUES ('baskam2y@si.edu', 'kevinsalinas@potts.net'),
('evaissiereu@ibm.com', 'jacquelinehood@bowman-lewis.biz'),
('cpirdy1p@usatoday.com', 'michaelrogers@johnston-zavala.com'),
('sgeerits2q@tiny.cc', 'jenningselizabeth@sweeney.com'),
('smaierw@ifeng.com', 'ronald25@fields.com'),
('tself4h@weibo.com', 'wterry@jones.org'),
('mchater4w@jigsy.com', 'richardallison@morrow-jackson.net'),
('kcurran4l@dagondesign.com', 'marktaylor@haynes.com'),
('sroostan4n@cdbaby.com', 'griffithwilliam@freeman.com'),
('cpierse4u@twitpic.com', 'ronald25@fields.com'),
('gbonson19@marketwatch.com', 'lgarza@moreno-villarreal.com'),
('kricciardiellot@google.com.au', 'griffithwilliam@freeman.com'),
('gcalvie5@kickstarter.com', 'nguyenryan@peck.com'),
('mbanburyp@friendfeed.com', 'lpotts@mayo.org'),
('acurrington3c@answers.com', 'uhoward@thomas.net'),
('sdarleyy@admin.ch', 'trananthony@brown.com'),
('wbagworth7@bloomberg.com', 'kevinsalinas@potts.net'),
('gjirikl@sciencedirect.com', 'douglashatfield@decker-woodard.com'),
('hbloomfield1o@tuttocitta.it', 'xenglish@mcdaniel.com'),
('mgrzesiewicze@histats.com', 'jacquelinehood@bowman-lewis.biz'),
('awhatman2c@twitpic.com', 'lgarza@moreno-villarreal.com'),
('lcollopy1v@so-net.ne.jp', 'ryanmarshall@greene.com'),
('jmcroberts8@opera.com', 'cindywong@clark-torres.biz'),
('mgehring1q@spiegel.de', 'lowetimothy@collier.biz'),
('akezar1g@cdbaby.com', 'lowetimothy@collier.biz'),
('erhymes4e@vimeo.com', 'petersonmichael@miller-gray.com'),
('vcaroli6@mapy.cz', 'ronald25@fields.com'),
('akistingh@imgur.com', 'jenningselizabeth@sweeney.com'),
('jspat3z@rambler.ru', 'lpotts@mayo.org'),
('vmeriot14@wunderground.com', 'kevinsalinas@potts.net'),
('pjagson49@deviantart.com', 'cindywong@clark-torres.biz'),
('eclubb2r@hp.com', 'shelley15@moran.com'),
('sidle2d@sfgate.com', 'flyons@wall.com'),
('gdouse44@ca.gov', 'shelley15@moran.com'),
('cbrazil40@pcworld.com', 'douglashatfield@decker-woodard.com'),
('rbarents26@naver.com', 'petersonmichael@miller-gray.com'),
('mcardenosa37@histats.com', 'nguyenryan@peck.com'),
('cshevlin2e@comcast.net', 'sarah68@fletcher.com'),
('ksidnall2v@1und1.de', 'flyons@wall.com'),
('acarwithim3k@wikipedia.org', 'kendrapatterson@salinas.com'),
('rglide2k@ox.ac.uk', 'kevincannon@sims.biz'),
('ade31@t.co', 'petersonmichael@miller-gray.com'),
('lbadwick3o@mtv.com', 'michaelrogers@johnston-zavala.com'),
('jmoakson3x@seesaa.net', 'sarah68@fletcher.com'),
('dsteffans4j@fastcompany.com', 'shelley15@moran.com'),
('iglisenan3j@ifeng.com', 'marc24@lewis.org'),
('scrosse34@usatoday.com', 'trananthony@brown.com'),
('wferrai51@wiley.com', 'griffithwilliam@freeman.com'),
('bdureden30@netscape.com', 'uhoward@thomas.net'),
('rskeldinge2t@sun.com', 'marktaylor@haynes.com'),
('ntwelvetree32@seattletimes.com', 'uhoward@thomas.net'),
('mericssen52@hhs.gov', 'thomaspeters@rodriguez.com'),
('gstebbings23@ow.ly', 'kevincannon@sims.biz'),
('pcolerick4d@hud.gov', 'kendrapatterson@salinas.com'),
('ttuck53@acquirethisname.com', 'lowetimothy@collier.biz'),
('dsoltan5a@ameblo.jp', 'kevinsalinas@potts.net'),
('dpancoust4m@php.net', 'kendrapatterson@salinas.com'),
('ashadwick1h@spiegel.de', 'trananthony@brown.com'),
('amconie25@com.com', 'lpotts@mayo.org'),
('khardwick5d@eventbrite.com', 'jenningselizabeth@sweeney.com'),
('agrigoroni58@g.co', 'lowetimothy@collier.biz'),
('cmillsomi@so-net.ne.jp', 'michaelrogers@johnston-zavala.com'),
('slithcow5j@skyrock.com', 'ruizheather@freeman.com'),
('ntanman42@unblog.fr', 'jacquelinehood@bowman-lewis.biz'),
('amarques4z@liveinternet.ru', 'marktaylor@haynes.com'),
('apaulot5e@fastcompany.com', 'wterry@jones.org'),
('jgounel18@tuttocitta.it', 'wterry@jones.org'),
('ierricker4r@cnbc.com', 'lpotts@mayo.org'),
('kstainton2h@state.gov', 'kevinsalinas@potts.net'),
('cvasenkov5g@apache.org', 'ruizheather@freeman.com'),
('afoneg@biglobe.ne.jp', 'kendrapatterson@salinas.com'),
('ddelion3h@prweb.com', 'marc24@lewis.org'),
('zlosebief@disqus.com', 'ryanmarshall@greene.com'),
('gjanuszewski4f@purevolume.com', 'cindywong@clark-torres.biz'),
('vokennedy1b@i2i.jp', 'jenningselizabeth@sweeney.com'),
('chanfrey4g@prlog.org', 'michaelrogers@johnston-zavala.com'),
('aaharoniz@geocities.com', 'marktaylor@haynes.com'),
('mhartshorn4s@salon.com', 'flyons@wall.com'),
('wwillcock38@mozilla.com', 'kendrapatterson@salinas.com'),
('jcalabryr@cmu.edu', 'sharonhensley@thomas.com'),
('afortoun2a@imdb.com', 'douglashatfield@decker-woodard.com'),
('kgress2x@last.fm', 'richardallison@morrow-jackson.net'),
('rinnocenti1r@comcast.net', 'richardallison@morrow-jackson.net'),
('bcundyx@reverbnation.com', 'douglashatfield@decker-woodard.com'),
('efilby5i@examiner.com', 'xenglish@mcdaniel.com'),
('abehning5b@g.co', 'petersonmichael@miller-gray.com'),
('kdruce4@smugmug.com', 'trananthony@brown.com'),
('mdrackford3a@sbwire.com', 'kevincannon@sims.biz'),
('tlummis2n@springer.com', 'nguyenryan@peck.com'),
('pcases1t@4shared.com', 'douglashatfield@decker-woodard.com'),
('cfraczak11@jugem.jp', 'sharonhensley@thomas.com'),
('jbanyard48@desdev.cn', 'thomaspeters@rodriguez.com'),
('asharma4q@free.fr', 'thomaspeters@rodriguez.com'),
('bellardm@harvard.edu', 'ruizheather@freeman.com'),
('bpicot1d@businessinsider.com', 'kevinsalinas@potts.net'),
('gfisher13@technorati.com', 'kevinsalinas@potts.net'),
('oduffan16@yolasite.com', 'jennifermedina@edwards.com'),
('gkinforth54@taobao.com', 'jacquelinehood@bowman-lewis.biz'),
('khedditch59@wisc.edu', 'jenningselizabeth@sweeney.com'),
('sspellman4c@cdbaby.com', 'griffithwilliam@freeman.com'),
('bbiggerdike2i@unesco.org', 'kevinsalinas@potts.net'),
('aharmston41@bravesites.com', 'kevincannon@sims.biz'),
('rjacklin36@samsung.com', 'lowetimothy@collier.biz'),
('gcrellin4p@hugedomains.com', 'kevinsalinas@potts.net'),
('striggk@i2i.jp', 'ruizheather@freeman.com'),
('ttsarovic4b@nba.com', 'lpotts@mayo.org'),
('bgreber1w@moonfruit.com', 'wterry@jones.org'),
('jbutt2s@addthis.com', 'richardallison@morrow-jackson.net'),
('blaydonq@ocn.ne.jp', 'jacquelinehood@bowman-lewis.biz'),
('mcavanaugh2z@dmoz.org', 'lowetimothy@collier.biz');
INSERT INTO TUJUAN_ORGANISASI (organisasi,tujuan) VALUES ('ruizheather@freeman.com', 'enable impactful applications'),
('richardallison@morrow-jackson.net', 'deploy out-of-the-box e-services'),
('lgarza@moreno-villarreal.com', 'facilitate dynamic platforms'),
('kevincannon@sims.biz', 'visualize viral info-mediaries'),
('jacquelinehood@bowman-lewis.biz', 'target clicks-and-mortar architectures'),
('lpotts@mayo.org', 'reinvent wireless communities'),
('marc24@lewis.org', 'aggregate visionary applications'),
('sharonhensley@thomas.com', 'morph front-end supply-chains'),
('nguyenryan@peck.com', 'facilitate leading-edge interfaces'),
('shelley15@moran.com', 'orchestrate clicks-and-mortar functionalities'),
('trananthony@brown.com', 'synergize cutting-edge e-services'),
('xenglish@mcdaniel.com', 'envisioneer sticky convergence'),
('wterry@jones.org', 'generate world-class platforms'),
('jenningselizabeth@sweeney.com', 'empower clicks-and-mortar relationships'),
('ryanmarshall@greene.com', 'optimize value-added deliverables');
INSERT INTO RELAWAN_ORGANISASI (email_relawan,organisasi) VALUES ('kmcwhirter1s@ibm.com', 'shelley15@moran.com'),
('kstainton2h@state.gov', 'lpotts@mayo.org'),
('hthowless2f@opensource.org', 'ronald25@fields.com'),
('hthowless2f@opensource.org', 'jennifermedina@edwards.com'),
('amconie25@com.com', 'wterry@jones.org'),
('njameson2l@yandex.ru', 'griffithwilliam@freeman.com'),
('pcases1t@4shared.com', 'ruizheather@freeman.com'),
('tpinyon21@amazonaws.com', 'xenglish@mcdaniel.com'),
('swallworke24@imageshack.us', 'marktaylor@haynes.com'),
('asouthern1x@mit.edu', 'lowetimothy@collier.biz'),
('kstainton2h@state.gov', 'flyons@wall.com'),
('mdermot1m@foxnews.com', 'sarah68@fletcher.com'),
('fbartrop1e@sciencedaily.com', 'nguyenryan@peck.com'),
('bgreber1w@moonfruit.com', 'lgarza@moreno-villarreal.com'),
('vvillaret2g@utexas.edu', 'douglashatfield@decker-woodard.com'),
('cpirdy1p@usatoday.com', 'ruizheather@freeman.com'),
('kstainton2h@state.gov', 'thomaspeters@rodriguez.com'),
('asouthern1x@mit.edu', 'kevincannon@sims.biz'),
('aligertwood1k@who.int', 'jenningselizabeth@sweeney.com'),
('awhatman2c@twitpic.com', 'sharonhensley@thomas.com'),
('ivieyra27@cbslocal.com', 'jennifermedina@edwards.com'),
('bfeldhorn1n@gnu.org', 'ronald25@fields.com'),
('kbruineman1j@wikipedia.org', 'ryanmarshall@greene.com'),
('afortoun2a@imdb.com', 'michaelrogers@johnston-zavala.com'),
('rtalmadge1f@php.net', 'michaelrogers@johnston-zavala.com'),
('ivieyra27@cbslocal.com', 'ryanmarshall@greene.com'),
('afortoun2a@imdb.com', 'flyons@wall.com'),
('hbloomfield1o@tuttocitta.it', 'ruizheather@freeman.com'),
('fbartrop1e@sciencedaily.com', 'wterry@jones.org'),
('awhatman2c@twitpic.com', 'kendrapatterson@salinas.com'),
('njameson2l@yandex.ru', 'richardallison@morrow-jackson.net'),
('afortoun2a@imdb.com', 'shelley15@moran.com'),
('swallworke24@imageshack.us', 'kendrapatterson@salinas.com'),
('pgebb1l@yahoo.com', 'michaelrogers@johnston-zavala.com'),
('bfishbourn2o@berkeley.edu', 'sharonhensley@thomas.com'),
('rglide2k@ox.ac.uk', 'jennifermedina@edwards.com'),
('akezar1g@cdbaby.com', 'douglashatfield@decker-woodard.com'),
('kstickler20@nbcnews.com', 'shelley15@moran.com'),
('flyford1y@homestead.com', 'ryanmarshall@greene.com'),
('amconie25@com.com', 'kevincannon@sims.biz'),
('hbloomfield1o@tuttocitta.it', 'jenningselizabeth@sweeney.com'),
('akezar1g@cdbaby.com', 'jenningselizabeth@sweeney.com'),
('jgeorgeon29@sbwire.com', 'sarah68@fletcher.com'),
('rbarents26@naver.com', 'uhoward@thomas.net'),
('bfishbourn2o@berkeley.edu', 'xenglish@mcdaniel.com'),
('rinnocenti1r@comcast.net', 'kevincannon@sims.biz'),
('sgeerits2q@tiny.cc', 'thomaspeters@rodriguez.com'),
('cbradnick2b@addtoany.com', 'kendrapatterson@salinas.com'),
('swallworke24@imageshack.us', 'ruizheather@freeman.com'),
('mdermot1m@foxnews.com', 'flyons@wall.com'),
('aligertwood1k@who.int', 'ryanmarshall@greene.com'),
('kstickler20@nbcnews.com', 'flyons@wall.com'),
('afortoun2a@imdb.com', 'nguyenryan@peck.com'),
('pgebb1l@yahoo.com', 'kevinsalinas@potts.net'),
('cshevlin2e@comcast.net', 'jenningselizabeth@sweeney.com'),
('afortoun2a@imdb.com', 'jennifermedina@edwards.com'),
('aligertwood1k@who.int', 'xenglish@mcdaniel.com'),
('rtalmadge1f@php.net', 'douglashatfield@decker-woodard.com'),
('kstainton2h@state.gov', 'jennifermedina@edwards.com'),
('asouthern1x@mit.edu', 'shelley15@moran.com'),
('acrawshaw2j@hexun.com', 'uhoward@thomas.net'),
('pgebb1l@yahoo.com', 'sarah68@fletcher.com'),
('sidle2d@sfgate.com', 'cindywong@clark-torres.biz'),
('acrawshaw2j@hexun.com', 'douglashatfield@decker-woodard.com'),
('flyford1y@homestead.com', 'griffithwilliam@freeman.com'),
('afortoun2a@imdb.com', 'douglashatfield@decker-woodard.com'),
('jgot1u@hao123.com', 'thomaspeters@rodriguez.com'),
('vvillaret2g@utexas.edu', 'flyons@wall.com'),
('mgehring1q@spiegel.de', 'ryanmarshall@greene.com'),
('mgehring1q@spiegel.de', 'griffithwilliam@freeman.com'),
('cbream2m@shareasale.com', 'marc24@lewis.org'),
('lbattill2p@apache.org', 'kevincannon@sims.biz'),
('bbiggerdike2i@unesco.org', 'cindywong@clark-torres.biz'),
('tlummis2n@springer.com', 'sharonhensley@thomas.com'),
('kmcwhirter1s@ibm.com', 'uhoward@thomas.net'),
('lcollopy1v@so-net.ne.jp', 'ruizheather@freeman.com'),
('bfishbourn2o@berkeley.edu', 'kendrapatterson@salinas.com'),
('rbarents26@naver.com', 'ruizheather@freeman.com'),
('rtalmadge1f@php.net', 'lgarza@moreno-villarreal.com'),
('aligertwood1k@who.int', 'kevincannon@sims.biz'),
('rtalmadge1f@php.net', 'jennifermedina@edwards.com'),
('rglide2k@ox.ac.uk', 'griffithwilliam@freeman.com'),
('rglide2k@ox.ac.uk', 'marc24@lewis.org'),
('cbradnick2b@addtoany.com', 'marktaylor@haynes.com'),
('hbloomfield1o@tuttocitta.it', 'trananthony@brown.com'),
('awhatman2c@twitpic.com', 'ryanmarshall@greene.com'),
('hbloomfield1o@tuttocitta.it', 'lpotts@mayo.org'),
('kstainton2h@state.gov', 'michaelrogers@johnston-zavala.com'),
('pgebb1l@yahoo.com', 'thomaspeters@rodriguez.com'),
('tmayhead22@hc360.com', 'michaelrogers@johnston-zavala.com'),
('pstubbley1i@flavors.me', 'douglashatfield@decker-woodard.com'),
('flyford1y@homestead.com', 'ruizheather@freeman.com'),
('bfishbourn2o@berkeley.edu', 'marktaylor@haynes.com'),
('amconie25@com.com', 'lowetimothy@collier.biz'),
('eclubb2r@hp.com', 'kevinsalinas@potts.net'),
('bfeldhorn1n@gnu.org', 'lpotts@mayo.org'),
('awhatman2c@twitpic.com', 'petersonmichael@miller-gray.com'),
('mgehring1q@spiegel.de', 'michaelrogers@johnston-zavala.com'),
('aligertwood1k@who.int', 'flyons@wall.com'),
('asouthern1x@mit.edu', 'lgarza@moreno-villarreal.com'),
('eclubb2r@hp.com', 'jenningselizabeth@sweeney.com'),
('asouthern1x@mit.edu', 'uhoward@thomas.net'),
('pcases1t@4shared.com', 'xenglish@mcdaniel.com'),
('gstebbings23@ow.ly', 'ruizheather@freeman.com'),
('bfeldhorn1n@gnu.org', 'cindywong@clark-torres.biz'),
('kmcwhirter1s@ibm.com', 'petersonmichael@miller-gray.com'),
('cshevlin2e@comcast.net', 'kendrapatterson@salinas.com'),
('tmayhead22@hc360.com', 'thomaspeters@rodriguez.com'),
('awhatman2c@twitpic.com', 'sarah68@fletcher.com'),
('tmayhead22@hc360.com', 'douglashatfield@decker-woodard.com');
INSERT INTO ORGANISASI_TERVERIFIKASI (email_organisasi,nomor_registrasi,status_aktif) VALUES ('flyons@wall.com', 'FzqnAqfDeeEGyNWgUoNYEZTMtvpoquwxoMUomKukXmjJAvLehM', 'Inactive'),
('richardallison@morrow-jackson.net', 'wBktuxTVdDsVHUfkOtjaCUDAdDjuTINGQZsyBCQlJioCjeMaUe', 'Inactive'),
('michaelrogers@johnston-zavala.com', 'BzMYMsakVukEKfrTjidHjGdDnrhTIoywlFjeOobGmvnMFNeRir', 'Active'),
('lpotts@mayo.org', 'IHMceIROlrddvqPJKWNqLSvnOHgAEIsPNGpDwpSTFJZiHGwrqO', 'Inactive'),
('petersonmichael@miller-gray.com', 'yEbPUlAoWphomLUQkQnKOUHteaBwBLKvQVZNVpmvAQhjpmqVgC', 'Active'),
('trananthony@brown.com', 'COEqGUYgyQzLxcwrlwIRBZWLJEDLhFCmNExCFnVcRhOuxXcqou', 'Active'),
('thomaspeters@rodriguez.com', 'nWjFUxFwAWjrCWBjqoWZMVIljeoNihwWnWScQwnJxsFrhgOUHp', 'Active'),
('sharonhensley@thomas.com', 'xWzhbppzMjftEBGHxirVFMdsdLhscKAiqCdrwTKVEnncRywFGo', 'Active'),
('griffithwilliam@freeman.com', 'uTjefgBXjcVQRNytMktAXdLZtmuJlqNixJgwBIbXTbFbjjEoTw', 'Active'),
('cindywong@clark-torres.biz', 'BZGqMtFPmRGUkJzeDVupOpQEjmGTjXuYRLoGPbbzqTcEJzDUzV', 'Inactive'),
('lgarza@moreno-villarreal.com', 'niHfizDriHqdNYbZSbkrlnckIyLIgXibgPkdYVxWLJANpsGNpx', 'Active'),
('uhoward@thomas.net', 'VHjuLdFKYMoOvklxjQlKYZtpDOnECyPHEfYCCKitoRQoGspbeu', 'Active'),
('sarah68@fletcher.com', 'EyFRHTBNALTdxRfJjkIjjQgYovwgnoWXbKNLXwWIOCaKpahWSJ', 'Inactive'),
('kendrapatterson@salinas.com', 'iLyIiBPhwSgvTRlSEzYGCJsfCGiKOAqsnSRoVWuHofBxjdZEhr', 'Active'),
('marktaylor@haynes.com', 'wwYPcBalmbAtUXyqTtyFprLgQMIhivdNJrGkJpCIJVqiLyyRcP', 'Inactive'),
('ronald25@fields.com', 'XSLCXQNhrXUHwhFfuilLHsoCblAcfQoLRYZNirIzFjnUWWKJdF', 'Inactive'),
('nguyenryan@peck.com', 'xyghZAIPOlIYkVLyACLcineHhLlIyvSFNROQinerPQnOPQwinN', 'Active'),
('douglashatfield@decker-woodard.com', 'xMtXlScVbHyBtZGPMRqHdxjRfIKjSdlnfiIAooSKBEENEUvUFC', 'Active'),
('jenningselizabeth@sweeney.com', 'ZwsnBIFYlJRsBgfVPOmVZVetIjJymCbSphWpCGnqcLvfMZXUKN', 'Active'),
('jennifermedina@edwards.com', 'yFBIQFGGzRqRVCgWQUxEIsDjpVPfibwgdfozAQTeNxouhbxpTH', 'Active'),
('ryanmarshall@greene.com', 'ZGhLaQEuztuODCUyNLeallMqFBEjVqWrKAvXZPLySKnHiFmbem', 'Inactive'),
('shelley15@moran.com', 'AuWmKXXCMyFKUAGxBRAAIfWjPVakidmCnGpiekwFiZJsNXNWLn', 'Active'),
('kevincannon@sims.biz', 'IBiuuBAZdHdageOirQGbGvztdCMdSyFeHcRUUXmqxfKjazFvsX', 'Inactive'),
('kevinsalinas@potts.net', 'nNpkSBxHwiJpWycyPPMAbcVoFlkMFukikxtSbpqDMkKpvgamZb', 'Inactive'),
('jacquelinehood@bowman-lewis.biz', 'txjzpbCtJPQhtQgTVOJdHYaEFUtxUNPOzmcpyDiiFqJgRokoMr', 'Active'),
('lowetimothy@collier.biz', 'MNkAonZJytBpduZomChILVqYqmYxvbkitmoztmjTzymqwMGiTS', 'Inactive'),
('wterry@jones.org', 'AcLoTrHKVSJYNUXxuYLOzaQCdmjFDvlNXJPyxsZGtTqmqiRdce', 'Active'),
('xenglish@mcdaniel.com', 'CjfnAbtJDBGZanMSTcCWPooNWjPDdpcbuFsnYTTaszjpCguWeO', 'Inactive'),
('ruizheather@freeman.com', 'LHNTxWRiNdMBxBfDOCBxoIOgBJCbHygyMVGJlivJiGceiaDGMJ', 'Inactive'),
('marc24@lewis.org', 'yZMJScoKjZDIDYPiZLFAydHVhquLoyXLmPiRwORmrBvNOkDfvb', 'Active');
INSERT INTO DONATUR_ORGANISASI (donatur,nominal,organisasi,tanggal) VALUES ('vmeriot14@wunderground.com', '110387377', 'kendrapatterson@salinas.com', '02/05/2017'),
('mbanburyp@friendfeed.com', '1743013137', 'ronald25@fields.com', '03/05/2010'),
('vmeriot14@wunderground.com', '48672620', 'wterry@jones.org', '04/23/2016'),
('dmcbays@berkeley.edu', '1505174980', 'jennifermedina@edwards.com', '04/21/2014'),
('jplevin15@squidoo.com', '1630804671', 'jenningselizabeth@sweeney.com', '11/24/2010'),
('cjacob1a@webmd.com', '1877176212', 'lgarza@moreno-villarreal.com', '03/06/2015'),
('evaissiereu@ibm.com', '1633591443', 'kevinsalinas@potts.net', '09/18/2011'),
('gbonson19@marketwatch.com', '1582753794', 'lowetimothy@collier.biz', '10/11/2014'),
('vmeriot14@wunderground.com', '1173868035', 'trananthony@brown.com', '03/23/2014'),
('rwildashv@spotify.com', '1263081308', 'jenningselizabeth@sweeney.com', '09/10/2015'),
('mbernhardt12@tripadvisor.com', '951383614', 'kevinsalinas@potts.net', '03/09/2011'),
('vmeriot14@wunderground.com', '196784686', 'douglashatfield@decker-woodard.com', '01/13/2014'),
('jplevin15@squidoo.com', '1387608855', 'marc24@lewis.org', '02/01/2016'),
('bcundyx@reverbnation.com', '923901051', 'wterry@jones.org', '12/16/2012'),
('jgounel18@tuttocitta.it', '1324461794', 'kevincannon@sims.biz', '02/16/2012'),
('jgounel18@tuttocitta.it', '963291621', 'kendrapatterson@salinas.com', '10/05/2015'),
('bcundyx@reverbnation.com', '752891368', 'flyons@wall.com', '06/18/2011'),
('bpicot1d@businessinsider.com', '328323365', 'jacquelinehood@bowman-lewis.biz', '05/08/2011'),
('vmeriot14@wunderground.com', '1038492945', 'sarah68@fletcher.com', '07/25/2016'),
('cjacob1a@webmd.com', '1915607379', 'griffithwilliam@freeman.com', '02/13/2010'),
('cjacob1a@webmd.com', '311816414', 'ruizheather@freeman.com', '04/27/2016'),
('dmcbays@berkeley.edu', '381724618', 'griffithwilliam@freeman.com', '02/08/2011'),
('dcardon1c@unicef.org', '828453681', 'lpotts@mayo.org', '04/18/2011'),
('mbanburyp@friendfeed.com', '1449749342', 'lpotts@mayo.org', '12/08/2016'),
('evaissiereu@ibm.com', '1307418290', 'marktaylor@haynes.com', '02/12/2014'),
('kricciardiellot@google.com.au', '1711861064', 'ruizheather@freeman.com', '07/28/2013'),
('dcardon1c@unicef.org', '126465331', 'sarah68@fletcher.com', '10/25/2010'),
('evaissiereu@ibm.com', '200366251', 'wterry@jones.org', '10/22/2015'),
('sdarleyy@admin.ch', '1425776620', 'sarah68@fletcher.com', '10/31/2011'),
('oduffan16@yolasite.com', '1580895567', 'sharonhensley@thomas.com', '04/15/2015');
INSERT INTO PENILAIAN_PERFORMA (deskripsi,email_relawan,id,nilai_skala,organisasi,tgl_penilaian) VALUES ('Pressure key could range expert.', 'awhatman2c@twitpic.com', '1', '4', 'trananthony@brown.com', '06/13/2016'),
('Collection home rich according last.', 'awhatman2c@twitpic.com', '2', '4', 'trananthony@brown.com', '01/23/2017'),
('Matter school next service imagine anything help.', 'awhatman2c@twitpic.com', '3', '0', 'trananthony@brown.com', '09/06/2017'),
('Middle close other ball send hot.', 'awhatman2c@twitpic.com', '4', '3', 'trananthony@brown.com', '12/18/2017'),
('Example indeed rate society toward home.', 'tlummis2n@springer.com', '1', '2', 'kendrapatterson@salinas.com', '11/01/2017'),
('Fact soldier there star major statement.', 'cshevlin2e@comcast.net', '1', '1', 'jacquelinehood@bowman-lewis.biz', '09/09/2017'),
('Message chance Mr myself outside.', 'cshevlin2e@comcast.net', '2', '4', 'jacquelinehood@bowman-lewis.biz', '10/27/2017'),
('Moment interest perform.', 'cshevlin2e@comcast.net', '3', '0', 'jacquelinehood@bowman-lewis.biz', '12/16/2017'),
('Benefit wind election bag spring huge lose.', 'cshevlin2e@comcast.net', '4', '2', 'jacquelinehood@bowman-lewis.biz', '03/22/2018'),
('Clear country down serious right consumer power.', 'cshevlin2e@comcast.net', '5', '3', 'jacquelinehood@bowman-lewis.biz', '04/25/2018'),
('Small card type country sing.', 'cbream2m@shareasale.com', '1', '3', 'cindywong@clark-torres.biz', '11/16/2013'),
('Town kitchen thank.', 'cbream2m@shareasale.com', '2', '1', 'cindywong@clark-torres.biz', '11/17/2013'),
('Half these choice knowledge.', 'cbream2m@shareasale.com', '3', '5', 'cindywong@clark-torres.biz', '05/27/2014'),
('Model again one job.', 'cbream2m@shareasale.com', '4', '4', 'cindywong@clark-torres.biz', '02/19/2016'),
('Member spend line.', 'cbream2m@shareasale.com', '5', '0', 'cindywong@clark-torres.biz', '08/20/2016'),
('Improve about agree fund.', 'ivieyra27@cbslocal.com', '1', '4', 'uhoward@thomas.net', '08/22/2017'),
('Consider people suggest item dinner.', 'ivieyra27@cbslocal.com', '2', '1', 'uhoward@thomas.net', '11/19/2017'),
('Operation herself Democrat watch receive.', 'ivieyra27@cbslocal.com', '3', '3', 'uhoward@thomas.net', '01/06/2018'),
('Appear even probably send could thought professor.', 'tpinyon21@amazonaws.com', '1', '2', 'lgarza@moreno-villarreal.com', '12/03/2016'),
('Able involve serious yet move traditional.', 'tpinyon21@amazonaws.com', '2', '4', 'lgarza@moreno-villarreal.com', '09/22/2017'),
('Write maintain west statement explain.', 'tpinyon21@amazonaws.com', '3', '3', 'lgarza@moreno-villarreal.com', '12/06/2017'),
('These writer dark short believe pressure light.', 'tpinyon21@amazonaws.com', '4', '3', 'lgarza@moreno-villarreal.com', '02/21/2018'),
('Area into sometimes test cut piece.', 'tpinyon21@amazonaws.com', '5', '2', 'lgarza@moreno-villarreal.com', '04/09/2018'),
('Meeting protect college instead analysis occur he join.', 'bbiggerdike2i@unesco.org', '1', '3', 'thomaspeters@rodriguez.com', '05/29/2016'),
('Well weight condition more PM.', 'bbiggerdike2i@unesco.org', '2', '4', 'thomaspeters@rodriguez.com', '07/06/2016'),
('Consumer film city culture.', 'bbiggerdike2i@unesco.org', '3', '2', 'thomaspeters@rodriguez.com', '07/14/2017'),
('Physical reveal run so weight.', 'bbiggerdike2i@unesco.org', '4', '3', 'thomaspeters@rodriguez.com', '04/05/2018'),
('Authority particularly defense despite.', 'flyford1y@homestead.com', '1', '4', 'marktaylor@haynes.com', '11/06/2017'),
('Prove than lose try goal condition positive generation.', 'flyford1y@homestead.com', '2', '3', 'marktaylor@haynes.com', '02/16/2018'),
('National amount whole song letter better might eight.', 'flyford1y@homestead.com', '3', '2', 'marktaylor@haynes.com', '03/12/2018'),
('Threat it shoulder guy as future.', 'flyford1y@homestead.com', '4', '0', 'marktaylor@haynes.com', '04/12/2018'),
('Week price sense for responsibility.', 'sidle2d@sfgate.com', '1', '4', 'michaelrogers@johnston-zavala.com', '03/05/2015'),
('Both leg never safe modern.', 'sidle2d@sfgate.com', '2', '1', 'michaelrogers@johnston-zavala.com', '08/09/2015'),
('Sound blood at.', 'sidle2d@sfgate.com', '3', '1', 'michaelrogers@johnston-zavala.com', '01/28/2017'),
('Leader however offer head girl.', 'hbloomfield1o@tuttocitta.it', '1', '4', 'lpotts@mayo.org', '07/20/2016'),
('Majority itself step.', 'hbloomfield1o@tuttocitta.it', '2', '3', 'lpotts@mayo.org', '09/08/2016'),
('Continue special treat better religious involve.', 'hbloomfield1o@tuttocitta.it', '3', '2', 'lpotts@mayo.org', '03/26/2017'),
('Cell win only tough reflect include.', 'bgreber1w@moonfruit.com', '1', '2', 'lgarza@moreno-villarreal.com', '10/17/2016'),
('Move program Republican.', 'bgreber1w@moonfruit.com', '2', '3', 'lgarza@moreno-villarreal.com', '11/15/2016'),
('Subject child follow race leave but.', 'bgreber1w@moonfruit.com', '3', '1', 'lgarza@moreno-villarreal.com', '11/04/2017'),
('Million knowledge moment direction pass rather card.', 'bgreber1w@moonfruit.com', '4', '2', 'lgarza@moreno-villarreal.com', '01/19/2018'),
('Two message gas imagine car food certain though.', 'bgreber1w@moonfruit.com', '5', '2', 'lgarza@moreno-villarreal.com', '04/17/2018'),
('Green go no tax box.', 'gbortolussi1z@yahoo.com', '1', '2', 'kendrapatterson@salinas.com', '05/17/2016'),
('Reduce style significant old control popular movie way.', 'gbortolussi1z@yahoo.com', '2', '0', 'kendrapatterson@salinas.com', '06/19/2016'),
('Ready already it scientist under pretty without only.', 'gbortolussi1z@yahoo.com', '3', '5', 'kendrapatterson@salinas.com', '10/10/2016'),
('You though ok offer start culture.', 'hthowless2f@opensource.org', '1', '0', 'xenglish@mcdaniel.com', '03/27/2017'),
('Take catch worry dream message.', 'njameson2l@yandex.ru', '1', '0', 'xenglish@mcdaniel.com', '06/27/2012'),
('Wait late feel health college necessary.', 'tlummis2n@springer.com', '1', '1', 'ruizheather@freeman.com', '10/13/2017'),
('Know box information college daughter.', 'tlummis2n@springer.com', '2', '0', 'ruizheather@freeman.com', '04/12/2018'),
('Follow available home figure.', 'tlummis2n@springer.com', '3', '4', 'ruizheather@freeman.com', '04/12/2018'),
('Oil expect wind sound here.', 'tlummis2n@springer.com', '4', '0', 'ruizheather@freeman.com', '04/25/2018'),
('Claim kitchen never product always.', 'hbloomfield1o@tuttocitta.it', '1', '4', 'jennifermedina@edwards.com', '11/30/2016'),
('Research alone expect deep remember officer.', 'hbloomfield1o@tuttocitta.it', '2', '2', 'jennifermedina@edwards.com', '04/09/2018'),
('Audience ago prove attorney.', 'hbloomfield1o@tuttocitta.it', '3', '0', 'jennifermedina@edwards.com', '04/16/2018'),
('Either information to dark difficult cut.', 'hbloomfield1o@tuttocitta.it', '4', '4', 'jennifermedina@edwards.com', '04/23/2018'),
('Instead company change public actually star plant technology.', 'bbiggerdike2i@unesco.org', '1', '3', 'jacquelinehood@bowman-lewis.biz', '06/03/2017'),
('And use size soldier office.', 'rglide2k@ox.ac.uk', '1', '0', 'petersonmichael@miller-gray.com', '12/24/2015'),
('Indicate second both.', 'rglide2k@ox.ac.uk', '2', '5', 'petersonmichael@miller-gray.com', '08/30/2017'),
('Billion appear open want law point provide.', 'rbarents26@naver.com', '1', '3', 'cindywong@clark-torres.biz', '05/04/2010'),
('Ten lay character.', 'vvillaret2g@utexas.edu', '1', '4', 'shelley15@moran.com', '01/28/2018'),
('Item next account site may home organization reality.', 'cshevlin2e@comcast.net', '1', '2', 'sharonhensley@thomas.com', '01/01/2016'),
('Story indeed eat onto.', 'cshevlin2e@comcast.net', '2', '5', 'sharonhensley@thomas.com', '12/26/2017'),
('Charge first with four us.', 'cshevlin2e@comcast.net', '3', '2', 'sharonhensley@thomas.com', '03/29/2018'),
('Price network manager season phone growth product.', 'cshevlin2e@comcast.net', '4', '4', 'sharonhensley@thomas.com', '04/04/2018'),
('Risk present available eight reason price crime.', 'jgeorgeon29@sbwire.com', '1', '1', 'jenningselizabeth@sweeney.com', '06/11/2017'),
('Sit subject later or read go kitchen force.', 'jgeorgeon29@sbwire.com', '2', '2', 'jenningselizabeth@sweeney.com', '10/20/2017'),
('Since suddenly budget second hit star artist.', 'pcases1t@4shared.com', '1', '2', 'lpotts@mayo.org', '04/23/2018'),
('Once major these.', 'pcases1t@4shared.com', '2', '3', 'lpotts@mayo.org', '04/23/2018'),
('Away candidate significant.', 'pcases1t@4shared.com', '3', '5', 'lpotts@mayo.org', '04/25/2018'),
('Third want student church course cold.', 'pcases1t@4shared.com', '4', '0', 'lpotts@mayo.org', '04/25/2018'),
('Commercial part evening center soldier could rich.', 'aligertwood1k@who.int', '1', '0', 'ronald25@fields.com', '05/13/2017'),
('Environmental best too direction system Republican position.', 'aligertwood1k@who.int', '2', '5', 'ronald25@fields.com', '01/28/2018'),
('Officer she mother camera stuff Congress.', 'aligertwood1k@who.int', '3', '2', 'ronald25@fields.com', '03/12/2018'),
('Adult up actually.', 'aligertwood1k@who.int', '4', '5', 'ronald25@fields.com', '03/16/2018'),
('Economic want north degree manage able.', 'aligertwood1k@who.int', '5', '3', 'ronald25@fields.com', '04/22/2018'),
('Recognize put upon new.', 'jgot1u@hao123.com', '1', '2', 'kevinsalinas@potts.net', '01/23/2018'),
('Government sense five line apply.', 'ashadwick1h@spiegel.de', '1', '2', 'thomaspeters@rodriguez.com', '11/02/2016'),
('General police yet TV.', 'ashadwick1h@spiegel.de', '2', '1', 'thomaspeters@rodriguez.com', '11/02/2017'),
('Article cup term offer.', 'ashadwick1h@spiegel.de', '3', '2', 'thomaspeters@rodriguez.com', '11/24/2017'),
('Them tough dream great fear fine.', 'ashadwick1h@spiegel.de', '4', '4', 'thomaspeters@rodriguez.com', '01/14/2018'),
('Police control candidate state table which box.', 'hbloomfield1o@tuttocitta.it', '1', '1', 'kendrapatterson@salinas.com', '05/13/2016'),
('Relate recently partner over just traditional inside.', 'hbloomfield1o@tuttocitta.it', '2', '1', 'kendrapatterson@salinas.com', '11/28/2016'),
('Tax quite decision sport focus.', 'hbloomfield1o@tuttocitta.it', '3', '3', 'kendrapatterson@salinas.com', '09/28/2017'),
('Support live speech or themselves down.', 'hbloomfield1o@tuttocitta.it', '4', '0', 'kendrapatterson@salinas.com', '03/13/2018'),
('Particularly south say century way already several.', 'tpinyon21@amazonaws.com', '1', '0', 'uhoward@thomas.net', '03/03/2018'),
('Rest magazine garden heavy police.', 'tpinyon21@amazonaws.com', '2', '3', 'uhoward@thomas.net', '04/18/2018'),
('Popular today such glass agency movement individual.', 'rbarents26@naver.com', '1', '0', 'nguyenryan@peck.com', '07/02/2017'),
('Street case somebody build research not bad few.', 'jgeorgeon29@sbwire.com', '1', '2', 'kendrapatterson@salinas.com', '12/22/2017'),
('Will job speech pretty.', 'njameson2l@yandex.ru', '1', '2', 'marktaylor@haynes.com', '09/07/2017'),
('Necessary understand painting.', 'njameson2l@yandex.ru', '2', '4', 'marktaylor@haynes.com', '12/08/2017'),
('Seem prepare for Mrs road bag.', 'njameson2l@yandex.ru', '3', '0', 'marktaylor@haynes.com', '01/13/2018'),
('Itself tell blood hair she message.', 'tmayhead22@hc360.com', '1', '0', 'trananthony@brown.com', '12/09/2017'),
('Operation young its look lay person himself.', 'tmayhead22@hc360.com', '2', '2', 'trananthony@brown.com', '02/09/2018'),
('Happen probably threat pay or.', 'tmayhead22@hc360.com', '3', '4', 'trananthony@brown.com', '02/11/2018'),
('Trip stage heavy most month draw participant.', 'kmcwhirter1s@ibm.com', '1', '3', 'trananthony@brown.com', '07/10/2013'),
('Level still I speech.', 'kmcwhirter1s@ibm.com', '2', '2', 'trananthony@brown.com', '12/15/2014'),
('Culture hear probably right name.', 'kmcwhirter1s@ibm.com', '3', '1', 'trananthony@brown.com', '01/16/2015'),
('Human miss let because fight charge company.', 'vvillaret2g@utexas.edu', '1', '4', 'richardallison@morrow-jackson.net', '07/21/2016'),
('Cultural personal firm necessary talk.', 'vvillaret2g@utexas.edu', '2', '1', 'richardallison@morrow-jackson.net', '03/09/2017'),
('Affect key participant factor positive forget.', 'cshevlin2e@comcast.net', '1', '2', 'petersonmichael@miller-gray.com', '02/09/2018'),
('Condition direction still central.', 'pgebb1l@yahoo.com', '1', '0', 'ronald25@fields.com', '05/26/2011'),
('Natural cause situation might sing get be note.', 'rglide2k@ox.ac.uk', '1', '2', 'nguyenryan@peck.com', '04/02/2017'),
('Also whom only wall risk step.', 'rglide2k@ox.ac.uk', '2', '0', 'nguyenryan@peck.com', '01/24/2018'),
('Mouth college itself.', 'rglide2k@ox.ac.uk', '3', '2', 'nguyenryan@peck.com', '01/31/2018'),
('Whatever through various current military decide.', 'cpirdy1p@usatoday.com', '1', '0', 'uhoward@thomas.net', '02/04/2016'),
('Peace magazine reality yeah form any international.', 'cpirdy1p@usatoday.com', '2', '0', 'uhoward@thomas.net', '09/01/2016'),
('Need individual popular result peace about kid war.', 'mgehring1q@spiegel.de', '1', '0', 'ronald25@fields.com', '09/24/2014'),
('Think table argue material.', 'bfishbourn2o@berkeley.edu', '1', '0', 'marktaylor@haynes.com', '03/07/2016'),
('Five including party mention nice cold.', 'kmcwhirter1s@ibm.com', '1', '3', 'nguyenryan@peck.com', '02/28/2017'),
('Maybe seat direction learn despite.', 'eclubb2r@hp.com', '1', '3', 'jenningselizabeth@sweeney.com', '10/31/2017'),
('Few soon budget.', 'eclubb2r@hp.com', '2', '3', 'jenningselizabeth@sweeney.com', '03/05/2018'),
('Their matter television that wall argue.', 'eclubb2r@hp.com', '3', '4', 'jenningselizabeth@sweeney.com', '03/10/2018'),
('Drop compare summer travel beat.', 'eclubb2r@hp.com', '4', '1', 'jenningselizabeth@sweeney.com', '04/02/2018'),
('Near suddenly party much.', 'cpirdy1p@usatoday.com', '1', '0', 'marktaylor@haynes.com', '12/24/2012'),
('Low security that doctor south team all.', 'cpirdy1p@usatoday.com', '2', '3', 'marktaylor@haynes.com', '11/17/2017'),
('Amount idea market appear science conference toward.', 'kmcwhirter1s@ibm.com', '1', '2', 'douglashatfield@decker-woodard.com', '07/13/2013'),
('Right turn against thank hand travel conference.', 'kmcwhirter1s@ibm.com', '2', '3', 'douglashatfield@decker-woodard.com', '03/30/2016'),
('Argue decade sing hotel.', 'rglide2k@ox.ac.uk', '1', '1', 'ryanmarshall@greene.com', '04/03/2018'),
('Art theory action on citizen.', 'bgreber1w@moonfruit.com', '1', '0', 'douglashatfield@decker-woodard.com', '03/21/2018'),
('His as pass raise.', 'bgreber1w@moonfruit.com', '2', '2', 'douglashatfield@decker-woodard.com', '04/01/2018'),
('Organization do successful identify this.', 'bgreber1w@moonfruit.com', '3', '4', 'douglashatfield@decker-woodard.com', '04/18/2018'),
('Investment all our simply green pretty.', 'bgreber1w@moonfruit.com', '4', '2', 'douglashatfield@decker-woodard.com', '04/20/2018'),
('Campaign theory station security charge seven whom.', 'mgehring1q@spiegel.de', '1', '3', 'cindywong@clark-torres.biz', '08/22/2016'),
('Hear suddenly address attack.', 'mgehring1q@spiegel.de', '2', '4', 'cindywong@clark-torres.biz', '12/20/2017'),
('Technology speak specific chance.', 'rglide2k@ox.ac.uk', '1', '5', 'kendrapatterson@salinas.com', '09/27/2014'),
('She really per trouble ask.', 'rglide2k@ox.ac.uk', '2', '2', 'kendrapatterson@salinas.com', '12/31/2017'),
('Always girl act avoid loss respond itself treatment.', 'rglide2k@ox.ac.uk', '3', '4', 'kendrapatterson@salinas.com', '02/12/2018'),
('Mission face senior.', 'hbloomfield1o@tuttocitta.it', '1', '2', 'thomaspeters@rodriguez.com', '08/25/2015'),
('State adult message red mention.', 'hbloomfield1o@tuttocitta.it', '2', '5', 'thomaspeters@rodriguez.com', '01/04/2016'),
('It suffer inside he.', 'hbloomfield1o@tuttocitta.it', '3', '1', 'thomaspeters@rodriguez.com', '10/10/2016'),
('Everyone meet now western rise reduce lawyer than.', 'tpinyon21@amazonaws.com', '1', '1', 'marktaylor@haynes.com', '04/20/2018'),
('Word important interest every TV across lay.', 'tpinyon21@amazonaws.com', '2', '2', 'marktaylor@haynes.com', '04/21/2018'),
('Step daughter brother.', 'tpinyon21@amazonaws.com', '3', '4', 'marktaylor@haynes.com', '04/23/2018'),
('Decision peace buy two audience plant can.', 'tpinyon21@amazonaws.com', '4', '2', 'marktaylor@haynes.com', '04/25/2018'),
('Town personal care.', 'tpinyon21@amazonaws.com', '5', '0', 'marktaylor@haynes.com', '04/25/2018'),
('Already hundred house meet thought training.', 'mdermot1m@foxnews.com', '1', '3', 'shelley15@moran.com', '08/20/2015'),
('Girl history federal per.', 'amconie25@com.com', '1', '5', 'uhoward@thomas.net', '04/18/2012'),
('Perhaps view physical news.', 'kmcwhirter1s@ibm.com', '1', '5', 'uhoward@thomas.net', '07/05/2014'),
('Difficult former teach himself.', 'kmcwhirter1s@ibm.com', '2', '2', 'uhoward@thomas.net', '09/29/2017'),
('Wear support inside fact.', 'kmcwhirter1s@ibm.com', '3', '0', 'uhoward@thomas.net', '02/16/2018'),
('Maintain long young decision and Congress nothing.', 'kmcwhirter1s@ibm.com', '4', '4', 'uhoward@thomas.net', '03/28/2018'),
('So sound sit always.', 'kmcwhirter1s@ibm.com', '5', '3', 'uhoward@thomas.net', '04/17/2018'),
('Science relate born international small.', 'cpirdy1p@usatoday.com', '1', '1', 'richardallison@morrow-jackson.net', '12/20/2016'),
('Resource responsibility morning good.', 'cpirdy1p@usatoday.com', '2', '0', 'richardallison@morrow-jackson.net', '01/05/2018'),
('Law then parent medical international.', 'rglide2k@ox.ac.uk', '1', '0', 'jennifermedina@edwards.com', '07/16/2017'),
('Carry letter road must cost.', 'rglide2k@ox.ac.uk', '2', '0', 'jennifermedina@edwards.com', '08/06/2017'),
('Because into loss author often guy.', 'rglide2k@ox.ac.uk', '3', '1', 'jennifermedina@edwards.com', '12/19/2017'),
('Claim culture under house any over.', 'sidle2d@sfgate.com', '1', '3', 'sarah68@fletcher.com', '08/12/2014'),
('Structure TV past affect such.', 'sidle2d@sfgate.com', '2', '0', 'sarah68@fletcher.com', '06/11/2016'),
('Place responsibility thing official.', 'sidle2d@sfgate.com', '3', '2', 'sarah68@fletcher.com', '07/13/2016'),
('Eye rate base already present.', 'sidle2d@sfgate.com', '4', '3', 'sarah68@fletcher.com', '09/27/2017'),
('Position man view something wear education.', 'sidle2d@sfgate.com', '5', '5', 'sarah68@fletcher.com', '03/19/2018'),
('Free speak scene glass conference right.', 'hthowless2f@opensource.org', '1', '3', 'douglashatfield@decker-woodard.com', '03/03/2017'),
('Tend police day.', 'hthowless2f@opensource.org', '2', '5', 'douglashatfield@decker-woodard.com', '03/20/2018'),
('Ask back door impact pay recent be daughter.', 'hthowless2f@opensource.org', '3', '1', 'douglashatfield@decker-woodard.com', '04/13/2018'),
('Scientist assume area activity scene.', 'ashadwick1h@spiegel.de', '1', '3', 'douglashatfield@decker-woodard.com', '06/16/2017'),
('Note enter possible tend fire forward.', 'lbattill2p@apache.org', '1', '1', 'trananthony@brown.com', '02/23/2018'),
('Necessary play police upon television type.', 'edilgarno28@canalblog.com', '1', '1', 'nguyenryan@peck.com', '02/16/2018'),
('Safe rise face bring quality decision floor.', 'edilgarno28@canalblog.com', '2', '3', 'nguyenryan@peck.com', '03/09/2018'),
('First economic main social federal.', 'cshevlin2e@comcast.net', '1', '3', 'flyons@wall.com', '03/11/2016'),
('Thing bar owner hour performance civil.', 'cshevlin2e@comcast.net', '2', '0', 'flyons@wall.com', '11/21/2016'),
('Simple fact begin manager.', 'cshevlin2e@comcast.net', '3', '1', 'flyons@wall.com', '02/25/2018'),
('Break no billion rather.', 'cshevlin2e@comcast.net', '4', '0', 'flyons@wall.com', '03/02/2018'),
('Station near west almost book.', 'cshevlin2e@comcast.net', '5', '0', 'flyons@wall.com', '04/22/2018'),
('Wide if share box need condition.', 'mgehring1q@spiegel.de', '2', '5', 'ronald25@fields.com', '07/10/2016'),
('Indicate laugh news go party worry believe spend.', 'mgehring1q@spiegel.de', '3', '2', 'ronald25@fields.com', '08/13/2016'),
('American cause check when detail girl positive across.', 'eclubb2r@hp.com', '1', '0', 'kevinsalinas@potts.net', '07/04/2017'),
('Try seven policy.', 'eclubb2r@hp.com', '2', '1', 'kevinsalinas@potts.net', '10/26/2017'),
('Card order sing day.', 'eclubb2r@hp.com', '3', '2', 'kevinsalinas@potts.net', '12/05/2017'),
('Such mind cold around war while.', 'rinnocenti1r@comcast.net', '1', '0', 'petersonmichael@miller-gray.com', '02/27/2016'),
('Central child determine energy office sure.', 'rinnocenti1r@comcast.net', '2', '1', 'petersonmichael@miller-gray.com', '07/20/2016'),
('Many government to range someone military.', 'rinnocenti1r@comcast.net', '3', '3', 'petersonmichael@miller-gray.com', '10/10/2016'),
('Whom care camera game way seat.', 'rinnocenti1r@comcast.net', '4', '4', 'petersonmichael@miller-gray.com', '06/08/2017'),
('Particularly marriage seek research.', 'gbortolussi1z@yahoo.com', '1', '1', 'ruizheather@freeman.com', '04/28/2017'),
('Play fact center name treat base federal.', 'kstickler20@nbcnews.com', '1', '3', 'sarah68@fletcher.com', '09/22/2017'),
('Nature American end religious we Republican security.', 'kstickler20@nbcnews.com', '2', '3', 'sarah68@fletcher.com', '11/05/2017'),
('Such hope his room.', 'ashadwick1h@spiegel.de', '1', '2', 'sarah68@fletcher.com', '03/16/2014'),
('Car such include apply word.', 'ashadwick1h@spiegel.de', '2', '5', 'sarah68@fletcher.com', '06/20/2016'),
('Strategy leader story style.', 'ashadwick1h@spiegel.de', '3', '0', 'sarah68@fletcher.com', '01/16/2018'),
('Step case trade in piece against inside.', 'lbattill2p@apache.org', '1', '2', 'richardallison@morrow-jackson.net', '12/08/2017'),
('Create fish field spend charge member onto.', 'lbattill2p@apache.org', '2', '5', 'richardallison@morrow-jackson.net', '12/17/2017'),
('Paper old plant everyone better.', 'lbattill2p@apache.org', '3', '3', 'richardallison@morrow-jackson.net', '03/24/2018'),
('Order more law production.', 'lbattill2p@apache.org', '4', '4', 'richardallison@morrow-jackson.net', '04/07/2018'),
('Record say house their person catch table parent.', 'tlummis2n@springer.com', '1', '3', 'cindywong@clark-torres.biz', '06/26/2015'),
('Full writer draw voice age computer.', 'rinnocenti1r@comcast.net', '1', '0', 'flyons@wall.com', '08/20/2014'),
('Southern wind least third.', 'rinnocenti1r@comcast.net', '2', '3', 'flyons@wall.com', '05/15/2015'),
('Meet because us over accept spend.', 'rinnocenti1r@comcast.net', '3', '5', 'flyons@wall.com', '12/07/2017'),
('Hope building network cup.', 'rinnocenti1r@comcast.net', '4', '3', 'flyons@wall.com', '02/11/2018'),
('Site book whole play.', 'rinnocenti1r@comcast.net', '5', '2', 'flyons@wall.com', '04/10/2018'),
('Its police class wear speech computer clearly.', 'sidle2d@sfgate.com', '1', '1', 'shelley15@moran.com', '03/12/2013'),
('Senior country politics capital threat job.', 'mgehring1q@spiegel.de', '1', '4', 'petersonmichael@miller-gray.com', '09/21/2017'),
('Pull six business open feel spend door.', 'mgehring1q@spiegel.de', '2', '1', 'petersonmichael@miller-gray.com', '11/30/2017'),
('Between popular four simple effect whole.', 'mgehring1q@spiegel.de', '3', '4', 'petersonmichael@miller-gray.com', '12/10/2017'),
('Forward happy floor million.', 'mgehring1q@spiegel.de', '4', '1', 'petersonmichael@miller-gray.com', '01/26/2018'),
('Stage knowledge former black million.', 'mgehring1q@spiegel.de', '5', '4', 'petersonmichael@miller-gray.com', '03/17/2018'),
('Commercial knowledge computer growth capital.', 'rbarents26@naver.com', '1', '4', 'lgarza@moreno-villarreal.com', '03/04/2018'),
('Any performance find.', 'rbarents26@naver.com', '2', '2', 'lgarza@moreno-villarreal.com', '04/06/2018'),
('On executive allow executive around production.', 'rbarents26@naver.com', '3', '3', 'lgarza@moreno-villarreal.com', '04/16/2018'),
('Big trip set skill arrive drive smile.', 'rbarents26@naver.com', '4', '4', 'lgarza@moreno-villarreal.com', '04/18/2018'),
('He get evening.', 'rbarents26@naver.com', '5', '2', 'lgarza@moreno-villarreal.com', '04/20/2018'),
('Music kid majority late system participant.', 'sidle2d@sfgate.com', '1', '5', 'lowetimothy@collier.biz', '06/08/2016'),
('Past writer more light former choose.', 'sidle2d@sfgate.com', '2', '0', 'lowetimothy@collier.biz', '06/23/2017'),
('Environment condition impact campaign well market.', 'sidle2d@sfgate.com', '3', '1', 'lowetimothy@collier.biz', '04/02/2018'),
('Matter someone ready.', 'sidle2d@sfgate.com', '4', '1', 'lowetimothy@collier.biz', '04/12/2018'),
('They half those reason analysis office brother.', 'eclubb2r@hp.com', '1', '3', 'trananthony@brown.com', '02/13/2016'),
('Change wrong write police color then their level.', 'eclubb2r@hp.com', '2', '2', 'trananthony@brown.com', '12/15/2016'),
('House politics senior most step movement.', 'eclubb2r@hp.com', '3', '5', 'trananthony@brown.com', '03/19/2017'),
('Style miss administration audience model outside door.', 'eclubb2r@hp.com', '4', '2', 'trananthony@brown.com', '01/23/2018');
INSERT INTO SPONSOR_ORGANISASI (nominal,organisasi,sponsor,tanggal) VALUES ('1857994707', 'ruizheather@freeman.com', 'svanichkovn@phpbb.com', '06/12/2013'),
('1800555678', 'lgarza@moreno-villarreal.com', 'cmillsomi@so-net.ne.jp', '04/20/2014'),
('366618735', 'ryanmarshall@greene.com', 'cmillsomi@so-net.ne.jp', '03/20/2017'),
('1594957363', 'douglashatfield@decker-woodard.com', 'eblancowea@alibaba.com', '07/12/2016'),
('1764139450', 'jacquelinehood@bowman-lewis.biz', 'cpaur1@ihg.com', '11/14/2012'),
('1930640472', 'marktaylor@haynes.com', 'afoneg@biglobe.ne.jp', '05/11/2012'),
('176717799', 'ryanmarshall@greene.com', 'striggk@i2i.jp', '10/13/2012'),
('1373787799', 'douglashatfield@decker-woodard.com', 'wbagworth7@bloomberg.com', '11/10/2011'),
('679724967', 'sarah68@fletcher.com', 'mgrzesiewicze@histats.com', '12/30/2015'),
('461448336', 'kevinsalinas@potts.net', 'eblancowea@alibaba.com', '01/27/2018'),
('1151197889', 'lowetimothy@collier.biz', 'afoneg@biglobe.ne.jp', '12/18/2016'),
('542533539', 'sharonhensley@thomas.com', 'mgrzesiewicze@histats.com', '11/01/2012'),
('1339972859', 'michaelrogers@johnston-zavala.com', 'gcalvie5@kickstarter.com', '10/03/2016'),
('570624573', 'sarah68@fletcher.com', 'bellardm@harvard.edu', '04/01/2010'),
('378922039', 'shelley15@moran.com', 'mwyard3@dagondesign.com', '11/02/2011'),
('997079107', 'michaelrogers@johnston-zavala.com', 'cmillsomi@so-net.ne.jp', '09/17/2013'),
('1396468794', 'jacquelinehood@bowman-lewis.biz', 'aaddionisiob@princeton.edu', '12/26/2016'),
('1037758582', 'douglashatfield@decker-woodard.com', 'gcalvie5@kickstarter.com', '11/16/2011'),
('1682437708', 'kevinsalinas@potts.net', 'bellardm@harvard.edu', '09/12/2012'),
('330647488', 'uhoward@thomas.net', 'cpaur1@ihg.com', '09/01/2013'),
('1800058165', 'shelley15@moran.com', 'mgrzesiewicze@histats.com', '07/06/2013'),
('8361652', 'richardallison@morrow-jackson.net', 'jmcroberts8@opera.com', '02/14/2017'),
('1804041099', 'marktaylor@haynes.com', 'bpallent9@baidu.com', '07/30/2015'),
('1408714591', 'kevinsalinas@potts.net', 'bcroanj@pbs.org', '12/13/2010'),
('926215813', 'sarah68@fletcher.com', 'bcroanj@pbs.org', '11/30/2014'),
('851909741', 'michaelrogers@johnston-zavala.com', 'mgrzesiewicze@histats.com', '07/05/2014'),
('1022543698', 'wterry@jones.org', 'bellardm@harvard.edu', '08/26/2010'),
('632768645', 'jenningselizabeth@sweeney.com', 'akistingh@imgur.com', '09/30/2011'),
('157707207', 'nguyenryan@peck.com', 'akistingh@imgur.com', '04/01/2018'),
('1711755125', 'thomaspeters@rodriguez.com', 'mgrzesiewicze@histats.com', '09/22/2016'),
('1754970582', 'jennifermedina@edwards.com', 'lsweet2@salon.com', '02/21/2015'),
('1436246587', 'jacquelinehood@bowman-lewis.biz', 'kdruce4@smugmug.com', '04/07/2012'),
('853893688', 'douglashatfield@decker-woodard.com', 'jmcroberts8@opera.com', '09/28/2011'),
('345835888', 'ruizheather@freeman.com', 'eblancowea@alibaba.com', '07/22/2015'),
('839422583', 'jenningselizabeth@sweeney.com', 'mwyard3@dagondesign.com', '09/08/2015'),
('1035578143', 'thomaspeters@rodriguez.com', 'tcurthoyso@arstechnica.com', '01/04/2018'),
('1254435680', 'nguyenryan@peck.com', 'cpaur1@ihg.com', '01/25/2017'),
('248505754', 'shelley15@moran.com', 'akistingh@imgur.com', '02/05/2014'),
('1929386316', 'sharonhensley@thomas.com', 'striggk@i2i.jp', '12/09/2010'),
('970710986', 'marc24@lewis.org', 'mstickingsd@simplemachines.org', '07/13/2014'),
('673551139', 'richardallison@morrow-jackson.net', 'eblancowea@alibaba.com', '12/09/2013'),
('84997926', 'lpotts@mayo.org', 'dcrome0@wikispaces.com', '11/14/2012'),
('1944118828', 'flyons@wall.com', 'gcalvie5@kickstarter.com', '01/03/2011'),
('435225906', 'petersonmichael@miller-gray.com', 'mstickingsd@simplemachines.org', '11/28/2017'),
('847787966', 'ronald25@fields.com', 'kdruce4@smugmug.com', '01/18/2012'),
('677047263', 'sarah68@fletcher.com', 'mwyard3@dagondesign.com', '04/04/2018'),
('843544145', 'richardallison@morrow-jackson.net', 'striggk@i2i.jp', '09/13/2015'),
('1492878489', 'xenglish@mcdaniel.com', 'gcalvie5@kickstarter.com', '03/07/2016'),
('1487197973', 'kendrapatterson@salinas.com', 'bellardm@harvard.edu', '02/02/2018'),
('906808639', 'ryanmarshall@greene.com', 'dcrome0@wikispaces.com', '12/04/2016');
INSERT INTO KEGIATAN (dana_dibutuhkan,deskripsi,judul,kode_unik,organisasi_perancang,tanggal_mulai,tanggal_selesai) VALUES ('122854696', 'Future behind so. Ask too employee wrong him.', 'International Expert Discussion Executive Within', 'KAUZloFvQahvmKlBxJbX', 'xenglish@mcdaniel.com', '04/01/2017', '01/29/2018'),
('141517395', 'Else attention yourself easy building capital person.', 'Out Item Light', 'yYxLrFNUbxFFkCYSmRNb', 'marc24@lewis.org', '01/08/2013', '04/09/2018'),
('183369877', 'Billion technology head. Century region way form its compare.', 'Real Talk', 'FwragpGvjcYtLcZzbeCo', 'richardallison@morrow-jackson.net', '03/21/2012', '09/20/2015'),
('155883722', 'For song man whom remember mean population. Per myself of who whom skill.', 'Full Pull', 'XGAgKUDbogrgbOLhXknu', 'kevincannon@sims.biz', '12/08/2010', '01/12/2014'),
('149296520', 'Mind follow step loss. Else number level rise response we must. Him determine other recent ok.', 'Begin', 'MfMGNGSQbvnHKiFZBcYb', 'wterry@jones.org', '05/26/2014', '04/20/2015'),
('95287525', 'Remain present father scientist environment meeting. Street enjoy girl cut.', 'Guess Wrong Take', 'OXasjRqPFGNuIXASbzIh', 'lowetimothy@collier.biz', '12/25/2012', '01/05/2015'),
('28487796', 'Treatment capital per there yes first brother. Process thus common common spend.', 'Father Game Think Family Ever', 'pblSsWSTxSHKAYLoBizj', 'lowetimothy@collier.biz', '03/11/2018', '03/26/2018'),
('828323', 'Home seem food education than every past today. When responsibility place five. Knowledge bank meeting especially usually seem.', 'Trouble Including Test Family Too', 'tnAWtpaTLqRVFpxTFUMz', 'petersonmichael@miller-gray.com', '08/11/2012', '07/13/2014'),
('107535066', 'Break same drive significant. Buy as government political head very. Reveal final state over week mention usually.', 'Art Accept', 'iwLgdZcpWzKfavVWlvNm', 'petersonmichael@miller-gray.com', '05/03/2011', '08/15/2012'),
('109815034', 'Financial own newspaper two leg. Share worry song. Gun form room answer social.', 'Enjoy Cultural Difficult Value Interest', 'VGLFpidMrKtsVSOAJTaY', 'jenningselizabeth@sweeney.com', '03/01/2017', '10/12/2017'),
('55449815', 'Specific foot rise number husband color real. If with young maintain than food ever whatever. Indeed various support discover fire those.', 'Activity Seven', 'OEODpLpwHlrVZIJZYHFh', 'kendrapatterson@salinas.com', '09/21/2015', '10/09/2017'),
('131551155', 'Standard large officer. Wife resource could market method reach fact stop. Notice read opportunity sell western agency region. Word spend range become condition clearly industry series.', 'Protect', 'ukgAnFfldqgdaLybGfOo', 'kevincannon@sims.biz', '08/23/2013', '04/21/2015'),
('75701112', 'Exist conference new above financial authority lawyer. Put article tree fine how exist.', 'Share Miss Budget', 'JxmPaCqEnfKVDBwItvxp', 'michaelrogers@johnston-zavala.com', '07/11/2010', '01/06/2013'),
('158207326', 'Picture treatment business room cut. Respond if create. Eat fly child marriage tough these radio.', 'Woman Policy Important Today Shake', 'zqdbDWdZlHIocKOsbsRz', 'flyons@wall.com', '04/16/2016', '02/12/2017'),
('77363637', 'Agency understand system little and simple. State yard later need. At decision about change president card several game.', 'Drug', 'mdktgIoiFAXvvUhzTCPo', 'uhoward@thomas.net', '04/27/2011', '03/30/2015'),
('165735118', 'Painting recognize subject second end. Growth property both process happy around.', 'Allow Find Response', 'tjHskwrZmCzUeuGftTuK', 'lowetimothy@collier.biz', '01/27/2010', '12/17/2016'),
('35281505', 'Ground military him above six choose reveal. Reveal one sell along television ground.', 'Account After Medical', 'RxLGLpPfjiLiGXVapiJB', 'wterry@jones.org', '08/16/2013', '06/04/2014'),
('47138499', 'Sell protect candidate politics term once. Shoulder drop short performance.', 'Draw Walk', 'YrauzBBSoECHPXPabTgz', 'nguyenryan@peck.com', '01/05/2013', '05/07/2015'),
('99440096', 'Likely born resource town. Sing ten inside development light occur.', 'Mission Reflect Notice', 'YujtGdlPLXQqvkKrGDuD', 'xenglish@mcdaniel.com', '02/03/2017', '09/23/2017'),
('160811543', 'Outside challenge central doctor anyone five staff. Mission mind play life final. Only very just town book Democrat anything.', 'Market Old Really Class', 'hzPenDzQzfUcmpjsIBRz', 'michaelrogers@johnston-zavala.com', '12/03/2014', '11/17/2016'),
('55877592', 'Remember identify whole. Take result street within.', 'Fear Most Situation Carry Message', 'KWWEtlEaWmEyqCBKsuCp', 'jenningselizabeth@sweeney.com', '04/16/2013', '05/06/2016'),
('106323879', 'Southern speech themselves throw treat. Dinner high ball training. Government member meeting. Republican value actually sometimes speak.', 'Great Shake Student', 'ASWHnAPiVkHxGxUguORE', 'jenningselizabeth@sweeney.com', '04/16/2011', '01/12/2016'),
('132831994', 'Six data kind.', 'Occur Fine', 'ueowbUaoZIwReCOCRAOF', 'douglashatfield@decker-woodard.com', '08/01/2013', '01/12/2015'),
('91600742', 'Expert space later help above. Instead country describe above her chance. Side step particularly.', 'Everybody No Design Hundred', 'SjdMssiJsIuDaxtPaadt', 'richardallison@morrow-jackson.net', '07/19/2015', '02/01/2016'),
('175494040', 'Interest week leg reflect television hand. Husband fine act west. Benefit assume car challenge claim.', 'Debate Admit Statement According', 'YfvaGhhnNpBrPnSeXJec', 'lgarza@moreno-villarreal.com', '04/30/2010', '02/23/2012'),
('156652624', 'Expect security sell spring feel past pass. Quickly according bed yes visit center including arm. Nearly boy condition.', 'Appear', 'sfiHTzdDTZyGSqhYMsjV', 'richardallison@morrow-jackson.net', '01/14/2018', '02/23/2018'),
('173322846', 'Light analysis might current pretty. Pretty him indeed new down. Technology attack off than discover. Place decision son.', 'Police Power Smile Dark Bring', 'OfcsezgzEooUCuwGOhmb', 'douglashatfield@decker-woodard.com', '01/12/2017', '04/08/2018'),
('98213441', 'Effort plan star energy prepare letter. Ask in score national beyond particularly best. Two imagine wind believe daughter. Television debate agreement.', 'Surface Contain Leave Gas', 'wrtadwPAbxGcHNdfODnB', 'kevincannon@sims.biz', '01/14/2017', '05/06/2017'),
('40986211', 'East college seem wife. Perhaps room environment.', 'Seem', 'CnRBkPbkHYVUYwYctdPZ', 'douglashatfield@decker-woodard.com', '10/12/2016', '11/24/2017'),
('16369699', 'Clearly increase practice final speak probably by. Fire Congress property never rest how.', 'How Save Let Control', 'yBPuoCvOWuGpjoTkQWIL', 'michaelrogers@johnston-zavala.com', '02/03/2016', '07/11/2016'),
('142582242', 'Each simple foreign style exactly. Finally anyone money.', 'Short Outside Tree Bag With', 'jwdXZfahMoZLsrLBDMCZ', 'xenglish@mcdaniel.com', '03/12/2017', '04/29/2017'),
('32536442', 'We nothing picture last. Scene check require Congress visit. Someone back quality we hard partner.', 'Enough Likely', 'jRfzmVGuviSEGbitzWgi', 'jennifermedina@edwards.com', '12/14/2015', '08/27/2017'),
('12751992', 'Situation drive write foreign big.', 'Fast Pay', 'DxKOzmEFhzfChzrCXWBi', 'flyons@wall.com', '06/07/2010', '08/03/2017'),
('113224068', 'Foreign be fear media leader politics contain pick. Mr food try society way I cost.', 'Participant She Reach Cup When', 'cMRkQHLqdnsuQtYXYWXk', 'kevincannon@sims.biz', '12/27/2016', '12/27/2016'),
('148723912', 'Right what detail popular them player across. Impact break wind.', 'Difference', 'mWtLAnLHbUdgYFnWfpbN', 'michaelrogers@johnston-zavala.com', '09/13/2010', '02/04/2012'),
('126769512', 'Range step show nature class movie almost. Business green fish resource finally nature. Class history exactly site thank treatment.', 'Husband', 'gVxEOWXRhdDoqIQYenTe', 'xenglish@mcdaniel.com', '02/11/2016', '06/25/2016'),
('15083455', 'Hospital hit point forward weight state kid. Surface marriage through draw century soon religious.', 'Industry Attack Star', 'OqLsxihlvHLUSOaNeaIz', 'jacquelinehood@bowman-lewis.biz', '03/11/2016', '11/14/2016'),
('124275026', 'Thus something those time mind as. Mean condition human remain section.', 'Color', 'eysmJIgOOYiDBLFiuEoh', 'xenglish@mcdaniel.com', '10/04/2014', '03/23/2015'),
('5693724', 'Activity list nation fill. She mission someone.', 'Amount Let Feeling Whole Your', 'fIIqYUaLxrtxLTsfsHJa', 'kevinsalinas@potts.net', '05/30/2013', '06/13/2017'),
('29397592', 'Wall personal responsibility lot turn. High rule site impact nothing week life. Child nor light ever place laugh modern.', 'Debate Cup', 'bkMTjPkeCskWbwuEXpKc', 'flyons@wall.com', '05/14/2013', '03/02/2016'),
('133896871', 'Offer decade leave meet team article sort. Citizen message stuff. Field community pay lawyer wife. Choice indicate direction because development.', 'Surface', 'lFQzWXHzNspnvIZhFvoA', 'sarah68@fletcher.com', '09/30/2017', '12/14/2017'),
('52713608', 'Improve already meet past man white scene. But quality seek drive small two. Factor school Democrat could.', 'Affect Huge Everyone Their Woman', 'riEYjwCWHssnxfyosZai', 'lgarza@moreno-villarreal.com', '02/05/2013', '03/22/2017'),
('32999895', 'Others box movement recently machine wear edge. Natural explain third.', 'Across Simply Old', 'gmDzMQQowfVyowaCauRu', 'shelley15@moran.com', '10/20/2014', '06/28/2015'),
('58603830', 'Story every artist get technology. Community back bad seek.', 'Wrong Walk Home', 'vmULbsMFlZQcfzbXTEBT', 'xenglish@mcdaniel.com', '01/27/2013', '02/20/2015'),
('10898079', 'Whose adult rest sense long here region. Sea rather car necessary.', 'Particular', 'VSXQtRtdhDqbFPmxcFGe', 'richardallison@morrow-jackson.net', '10/05/2014', '10/05/2017'),
('7786448', 'Just spring reflect. Often realize face pay evening manage. Production real these improve.', 'Billion', 'DJgViLfeIiBYwcVzTuSN', 'sarah68@fletcher.com', '05/12/2012', '01/19/2014'),
('136347918', 'Rate term accept film sing major. Interest hit the receive magazine father reason.', 'Financial Whatever Less Wind Late', 'kmqMSHdLlFMXRvdOcYnC', 'lgarza@moreno-villarreal.com', '01/23/2018', '03/22/2018'),
('161052109', 'Carry require feeling PM our thank benefit. With on be defense within medical effect oil. Who what state forget hope join.', 'Involve Star Ok', 'CIdGXXKmNUCPYgCebpDP', 'lpotts@mayo.org', '01/27/2014', '05/30/2015'),
('196646832', 'Wall treatment from worker develop person evening. Cold tonight social future herself throw clear. Week writer least particularly act thought.', 'American Use Determine Us', 'RBVkWthdOwiisPhiKlcK', 'ruizheather@freeman.com', '01/06/2011', '06/25/2015'),
('175948634', 'Identify sell be admit surface. Respond talk fact cost loss. Else with TV everyone.', 'Clearly Low Word', 'ALggCmUwmDfPjFmzkDmJ', 'lgarza@moreno-villarreal.com', '01/11/2012', '09/19/2012'),
('185333100', 'Economic pull me politics son common difficult.', 'Too Smile Know Position Party', 'vlGrkdEdnBOVUqObAxrZ', 'uhoward@thomas.net', '11/05/2010', '12/05/2011'),
('194508289', 'Treat some exactly newspaper ten room. Nature receive born war admit policy my.', 'Hope Manager', 'CKOfpGAYUdRIdjoZMklU', 'ruizheather@freeman.com', '05/18/2012', '07/26/2014'),
('143561853', 'Sure pattern dinner window else national mind. Company forward game point scene price.', 'By', 'FeHbHHCrkkOtJUOzVKjn', 'trananthony@brown.com', '02/04/2016', '02/22/2017'),
('135209702', 'Movie result election life about. College beyond down here government environmental.', 'Space', 'cOhtuqdRQjDfflMqKlZL', 'marktaylor@haynes.com', '03/25/2013', '06/06/2014'),
('159274255', 'Measure truth accept require. Scene follow decide much lose power.', 'Toward Imagine Pattern New', 'mfsnPWaVqJZcLdNnJpxJ', 'jennifermedina@edwards.com', '03/05/2017', '05/14/2017'),
('5860394', 'Model deep production attorney group. Treatment cover per rest open scientist fast. Red light front lose street south. Institution could necessary newspaper remain without memory.', 'Hospital Investment Great', 'PfiGEmLjAGRAbZaLQNNi', 'jennifermedina@edwards.com', '07/08/2012', '10/25/2013'),
('119617903', 'Around weight western just consumer participant.', 'Possible Quite Morning', 'DBIDEXWaQGhQGtmWSBXY', 'richardallison@morrow-jackson.net', '08/21/2012', '06/01/2013'),
('148030345', 'Challenge major letter behind either. Show improve send account interest. Now once husband determine choice next apply.', 'Else Least My Investment Community', 'aDqkjftVCVIybcEYZkdR', 'jennifermedina@edwards.com', '12/07/2015', '04/30/2016'),
('55276609', 'Though foot health can life listen environment. Moment quite build feel. Defense nothing hand kind memory many operation.', 'Say Clear Behavior Gas', 'jVDWFkZPrjyqOGMrzLfg', 'lgarza@moreno-villarreal.com', '05/17/2012', '02/25/2014'),
('89161812', 'Ability start range attorney far year hot. That PM course research cost window.', 'Ever Seven Really Young', 'NpJFXNUbWryizCLyswMH', 'marktaylor@haynes.com', '11/02/2012', '06/06/2013'),
('191015038', 'Purpose admit teacher. Represent allow democratic sea relationship of sell. Among entire within safe.', 'Various Training Realize Song Wall', 'WmxgpzcIGdcekEpaFxrD', 'griffithwilliam@freeman.com', '11/08/2017', '03/13/2018'),
('56023171', 'Product large fast. Why morning early meeting begin wear.', 'Expert Determine Produce', 'ImEVKTmquRyVqYuTbnaT', 'nguyenryan@peck.com', '12/21/2013', '03/01/2015'),
('59147012', 'Resource foot cultural star. Name situation position citizen role each guy. Someone art big herself.', 'Nature Reduce', 'gyuUMnTTTpISAKrOOENR', 'ryanmarshall@greene.com', '09/28/2010', '02/27/2015'),
('57696597', 'Agency figure so contain cover nation.', 'New Car', 'QRdLNDdVxImFHwPkJEmf', 'marktaylor@haynes.com', '01/05/2016', '05/18/2017'),
('110195060', 'Far nice least sing amount. Forget east alone discover.', 'Store', 'ptaRKeEcvAGvqvcuufbI', 'kevincannon@sims.biz', '07/06/2017', '03/11/2018'),
('169381900', 'Argue skill south ever thousand. Identify they table happen them scene.', 'Statement Indicate', 'uhlDPzMQNuwCdbouTNcE', 'lowetimothy@collier.biz', '06/16/2015', '11/27/2017'),
('122570487', 'Protect recognize detail game however prepare. Project determine edge executive visit along. Past down sometimes happen in young sister.', 'Consumer Organization Activity', 'GINuFEMVNpewCOPlFAgT', 'petersonmichael@miller-gray.com', '07/30/2011', '01/26/2015'),
('26822263', 'Own gas discover deal. None both figure that bed tend. Place bring into kitchen whole church.', 'Simply Sign Need Yeah', 'oCJijwMmNJpWDQpIcXUQ', 'michaelrogers@johnston-zavala.com', '06/10/2013', '11/06/2016'),
('70587070', 'Participant front choice religious month positive. Pull quality spring decade international despite almost. Indicate someone whole free degree wish game.', 'Thus Together Box', 'xrjMnVwePemAXNAlmEPA', 'ruizheather@freeman.com', '07/04/2017', '02/15/2018'),
('95965960', 'Road southern name security catch answer. Parent bed despite. Song get owner final as Mr teach side.', 'Always', 'rViakiLlouaYvslYgHvC', 'kevincannon@sims.biz', '08/07/2016', '09/12/2017'),
('76351316', 'Ready full when final reduce figure space. Think throughout young article federal land as. Computer instead everyone poor.', 'That News', 'awBdmbqIYpIaQlEePKXG', 'michaelrogers@johnston-zavala.com', '04/18/2017', '12/31/2017'),
('26914921', 'Involve word safe former building perform education discussion. Them still himself among would listen baby. Kind system music away.', 'Tell Represent', 'MbJWLbgtaeSBOJESSxyD', 'xenglish@mcdaniel.com', '02/12/2013', '02/20/2015'),
('81842148', 'Why west under wear represent father. Consumer listen interview street risk skin.', 'Somebody Mrs Area', 'zKAtUrlOkcNGeovvnYoJ', 'douglashatfield@decker-woodard.com', '09/07/2012', '02/15/2013'),
('37019426', 'Development course rule people bag accept Mrs. Capital indicate reality.', 'Describe Go Skin', 'emgKjuWWpMpnwPKxUUfG', 'marc24@lewis.org', '03/16/2016', '12/24/2017'),
('25078150', 'Happy provide city friend series live Mrs back. Rather peace end ahead poor my. Choice sign development can.', 'Respond Quickly Common High', 'mNEykxgODYNHrIQtViTj', 'ronald25@fields.com', '08/15/2016', '04/15/2018'),
('155098455', 'Move community specific movement reveal man raise day. Land western Mr east.', 'Poor Defense Sometimes Right', 'pOXbAyDdZiGWwjjYhKSu', 'marc24@lewis.org', '03/17/2017', '07/24/2017'),
('124732701', 'Spend hope you national in yes. Catch senior adult customer.', 'Blue Clear Grow Treat', 'kGJrjWLYYMMcTCRRRCsQ', 'ryanmarshall@greene.com', '08/22/2016', '11/30/2016'),
('65256878', 'Nature get agreement everyone fact probably. My court instead treatment. Visit ask mission.', 'Suddenly', 'RkfiaZdeZXLsPjuDWdlx', 'lgarza@moreno-villarreal.com', '02/07/2015', '03/03/2015'),
('165935510', 'Fall forward people include. Represent let fine might low story stock ask. Analysis PM interesting onto name cost authority dinner.', 'Drug Figure Event International Various', 'xTVvgaxPBsmcnkRoYZfs', 'wterry@jones.org', '10/27/2017', '02/08/2018'),
('37944495', 'On right lawyer discover thousand which. His leg help simple. Short line sport.', 'Enjoy Foot Three Process Soon', 'TwzfwWRjFAxgVAEvSukq', 'thomaspeters@rodriguez.com', '12/20/2012', '02/06/2013'),
('87932804', 'Those large attention rest impact church. Necessary heart section majority wait increase room history. Seven determine nation inside.', 'Order Drive But', 'LRHkHkGCiCnsEfqdXINI', 'lgarza@moreno-villarreal.com', '05/19/2014', '10/23/2015'),
('49003291', 'Might leg under evening cause.', 'One Arm Good Even', 'eSYblbJKmdKvFeuWqngl', 'flyons@wall.com', '05/06/2010', '01/17/2012'),
('100053539', 'Thing note nice push sure. Check during tell amount. Contain model word fall.', 'Really Window', 'TCqqYAvjyseqjAuAhMeh', 'marc24@lewis.org', '01/02/2017', '09/22/2017'),
('36807551', 'Especially recent draw girl measure. Rock as billion here.', 'Still Side Chance Business Source', 'cFtrmZuHgmGWGtsWMsFY', 'kevincannon@sims.biz', '03/01/2018', '04/16/2018'),
('129277739', 'Accept enter defense set morning. Open morning think ago structure along quite thing. Book specific live kind professor democratic rather.', 'House', 'vjtQXDqDbzrxbYZhgjPY', 'shelley15@moran.com', '10/22/2011', '08/26/2016'),
('31788622', 'Cut ago want law level. Wind win north month.', 'International Share Read Term Maybe', 'yRKJyIaonxlBZbISgtwS', 'douglashatfield@decker-woodard.com', '01/07/2013', '05/30/2015'),
('62381704', 'Act relationship game daughter leave painting. I better discussion box message during free.', 'Pm Machine Recent', 'lmoYaVUsaDbClPRlHYxA', 'kevincannon@sims.biz', '08/13/2017', '02/10/2018'),
('95924889', 'Present environmental management ground material interest turn. Charge manager instead board effect thank. Industry peace later mouth.', 'Way Same Hour Fact Interest', 'gWdPeqJRnARsCRkxILaS', 'ryanmarshall@greene.com', '02/24/2018', '03/14/2018'),
('134113240', 'Final soldier it for great common compare. Treat effect travel short thousand beat. Goal others people care church more.', 'Television', 'stfRguzNWuuyMOZQWyHY', 'jennifermedina@edwards.com', '03/11/2012', '06/11/2012'),
('78495200', 'Affect imagine race road. Every six myself make reflect figure citizen indicate.', 'Reveal Outside Population Former', 'ScwkScKVxFgbaUuSLMcd', 'petersonmichael@miller-gray.com', '10/17/2016', '02/26/2017'),
('73691728', 'Role experience anyone discussion. Probably his agree tell protect.', 'Cold Above Type', 'GsEGYBpkKIHmQnTddcjo', 'uhoward@thomas.net', '01/28/2013', '08/06/2017'),
('37990130', 'Provide result middle father almost our always. Voice two play year with however ability. Yard name school.', 'Rate', 'PZluZwQdywdmBuAEyWso', 'sharonhensley@thomas.com', '07/25/2014', '04/22/2016'),
('9428664', 'Be book skin place rich have hotel. Exactly close speech scene clearly treat.', 'Better Seek Simple Street', 'afyPjQOWncGEgTXufhBq', 'thomaspeters@rodriguez.com', '09/10/2013', '05/01/2016'),
('128895998', 'Not meet weight response pass. Why father defense me.', 'Movie Drug', 'rfrRTllOUXAUBvlkYjUO', 'ryanmarshall@greene.com', '02/02/2011', '07/04/2016'),
('64881470', 'Gun party order. Full mean score also loss.', 'Pm Rate Author Kitchen', 'MuJtQBfNBsPHqrFMPHeQ', 'richardallison@morrow-jackson.net', '06/23/2017', '12/07/2017'),
('149583776', 'Ready statement return just our determine myself leg. Task number his already true they example. Message one interesting learn.', 'Lot Point Worker However Dog', 'MTjZCRbfFnHoLMvBYptg', 'wterry@jones.org', '01/22/2011', '10/18/2013'),
('189254184', 'Down national talk market music challenge anything. Production fish blue would crime. Rather around simple this although.', 'Key', 'RSYTIJzlvonWLZawvpWW', 'wterry@jones.org', '05/15/2015', '08/21/2017'),
('20873881', 'Who out green special organization among trial. Religious fight they rule floor. Pressure century open drive food career.', 'Smile Way Cold Walk Place', 'VChzKIQvEzRwzkqxxqpP', 'michaelrogers@johnston-zavala.com', '01/05/2010', '05/08/2013'),
('158035281', 'Role sort director forget improve. Assume past maintain record leader can. Four risk benefit look design.', 'Child Five Fish', 'NcpjSfxNwODNRbSwKMvP', 'richardallison@morrow-jackson.net', '06/18/2012', '08/26/2014'),
('109968117', 'Do health job theory sit professional house. Herself two hospital others recent player.', 'Hear Beyond Particular Court Almost', 'SrtIaXnMVHsGLFpzFwia', 'trananthony@brown.com', '03/01/2010', '08/17/2011'),
('42471306', 'Citizen board agreement democratic consumer table. Month attorney field glass receive recent doctor.', 'Year Study', 'EWNFPyThgKscblBKrtbk', 'jennifermedina@edwards.com', '04/11/2013', '05/23/2014'),
('47146626', 'Television single challenge coach series important. Idea scientist wife watch quickly. Newspaper bring fact center.', 'Although More Soldier', 'uRbxOAqCzYjZAvdiugKV', 'flyons@wall.com', '01/25/2017', '07/04/2017'),
('79469083', 'The computer future. Policy order art ok. Well structure speech our artist onto manage.', 'Worry Tend Together', 'tCjZpeyLHfZHHDekIocr', 'richardallison@morrow-jackson.net', '08/29/2015', '05/31/2017'),
('41988599', 'While group main chair source. Chance year already.', 'It Matter School', 'CBLDIFjIBbrVNojdnYpB', 'flyons@wall.com', '03/01/2011', '03/11/2016'),
('20705384', 'Table bit more bill. Blood only card live mission serve study.', 'Could My Piece Rule Pressure', 'QuBjdWwqeMnqUYlelbLo', 'douglashatfield@decker-woodard.com', '01/29/2018', '04/17/2018'),
('139113641', 'Tree agency science total arrive. Nation none beat garden another. At participant another seek.', 'Improve Young Your Describe', 'catYfotuWTlwQTwCUHXu', 'kevinsalinas@potts.net', '10/06/2017', '04/15/2018'),
('153497745', 'Around front wrong surface on put. Start product sense protect measure matter. Sell apply understand traditional way manager between true.', 'Father Say Popular Resource', 'ZwAPgaBdApgDgzZvAXcN', 'sarah68@fletcher.com', '02/25/2014', '12/24/2016'),
('20658408', 'Draw you but bar computer threat. Size interest thousand always require want grow yet. Only purpose result sea world military.', 'Represent Fear Watch Job', 'FshaNbwntNiSADIljAIc', 'sarah68@fletcher.com', '05/28/2013', '08/20/2017'),
('56954168', 'Involve cup identify able individual help bill. Leader several artist lay Democrat. Act around direction up population.', 'Them Speech Usually Evidence Watch', 'uYRPdBrbjzjKMYgIQagT', 'kevinsalinas@potts.net', '09/16/2011', '11/03/2014'),
('152476788', 'Bill phone until again choose yet. Win recognize force life next. Yard early school stop.', 'Mind', 'neEmBMTYYHwQUYoUgCCv', 'marc24@lewis.org', '06/15/2016', '01/30/2018'),
('140553785', 'Set executive represent animal consumer. Shoulder with political others.', 'President', 'KFVCCXAuefEDZpFkwFWP', 'marc24@lewis.org', '11/29/2011', '05/05/2013'),
('62001149', 'Money hour notice real boy she mind value. Reflect color it able least policy thing. Student set woman window camera since left eye.', 'Situation', 'cDToXOmPKqlUrSbrPoRc', 'griffithwilliam@freeman.com', '05/22/2017', '07/18/2017'),
('45456265', 'Letter itself total between magazine reach. Act address office laugh television. Everyone may either interest.', 'Property Our', 'JjRVStNcmGrhnYuRJmhn', 'douglashatfield@decker-woodard.com', '06/18/2013', '04/05/2014'),
('97800156', 'Trial person military west budget. Nor describe over much staff total foreign as. True full level nice sound network each.', 'Trouble', 'LsrabZHeDSSZDEQrgnNO', 'marktaylor@haynes.com', '05/17/2011', '03/14/2013'),
('10556077', 'Issue police necessary network hospital improve write require. Us there good politics.', 'Compare', 'LzxYKREErnjynoHyKZCN', 'trananthony@brown.com', '04/03/2014', '10/10/2015'),
('155023465', 'Management especially old they interview. Inside big imagine memory.', 'Effect Himself', 'ZfvIiVCmXDaepksydTzb', 'kendrapatterson@salinas.com', '02/12/2011', '04/05/2017'),
('163485216', 'Early team politics study. Well commercial production few. None option safe scientist practice whatever piece point. Coach pull represent wonder treat structure nothing.', 'Power Growth Left', 'OsrgGTQcTVWGwRKWRHXI', 'wterry@jones.org', '08/26/2012', '01/11/2018'),
('47737755', 'Citizen actually PM natural full test. Catch there whom who wish develop. Service recognize administration throw through work north.', 'Social Simply', 'ZBiiLFBoYEuMUdfetGzg', 'kendrapatterson@salinas.com', '11/03/2010', '06/07/2017'),
('84771933', 'Yeah item professional career here knowledge. Determine project thought sea how else hear country.', 'Agency Forward Sign', 'qWGsQVNWKIYcEemjolWK', 'kendrapatterson@salinas.com', '02/17/2012', '09/17/2013'),
('62421172', 'Film pass government maintain public set system. Ball fill fight.', 'Once Song Agreement Us', 'DOYsviwZowretupjkdAT', 'jacquelinehood@bowman-lewis.biz', '12/16/2010', '03/18/2013'),
('100739280', 'Our including feel plant he worker evening. Share part decide father television they. Property financial anything fire.', 'Food', 'nJraaevGlLXsjXxWTbJF', 'jenningselizabeth@sweeney.com', '01/14/2013', '03/01/2018'),
('132757982', 'Agree toward good use officer I two. Growth sit appear letter discussion.', 'Building Think', 'LMGzcEyRGmYYVpivJnhe', 'nguyenryan@peck.com', '04/21/2014', '05/23/2015'),
('118929828', 'Scientist hospital third community customer consider. Wish network no food management.', 'Tend Save Side Cut', 'vALrthliMpIPHguUJnWj', 'sarah68@fletcher.com', '01/20/2013', '06/30/2013'),
('120420254', 'Reduce customer imagine truth they person. Garden wait sign possible method. Charge pressure international rise surface language door.', 'Office Require', 'OUWcWydxvuKKZZiNDUmM', 'michaelrogers@johnston-zavala.com', '05/04/2010', '01/16/2018'),
('20529955', 'International world face term. Get rest thank believe enough staff.', 'Should Baby', 'SgEfsZCKGqYrMtBkcqyj', 'douglashatfield@decker-woodard.com', '12/11/2017', '12/31/2017'),
('71226252', 'Manage around news sense add ever. Discussion city skin force option. Though listen pull.', 'Notice Choice Though Organization Trial', 'eFLyOHiKXBRQYGysPGCv', 'sharonhensley@thomas.com', '10/10/2013', '06/01/2015'),
('65746451', 'Cut member while enough church avoid. Stuff purpose bad. Food central still send.', 'Administration Want Should Teach Down', 'JLtPSphRSpHTMvxkRhAN', 'jacquelinehood@bowman-lewis.biz', '09/19/2010', '09/04/2012'),
('34661316', 'Medical together at structure off. Suffer necessary improve now also change party fire. Adult center door allow enough recognize.', 'Rest Citizen Response Anything Close', 'dRNPtJCOtgctMNOJxQDl', 'lpotts@mayo.org', '10/16/2010', '02/04/2012'),
('103833922', 'View raise it probably score reality. True player standard. Radio material worry make.', 'Get', 'feptvFDGTvFhfQgIKXWI', 'jenningselizabeth@sweeney.com', '06/19/2012', '03/11/2018'),
('65838751', 'Summer strong bar institution then. Tough she really participant large mention. Their consumer throw end suggest.', 'Size Old', 'sVvjfAbHyEUtebTyFdEc', 'uhoward@thomas.net', '06/26/2014', '08/05/2016'),
('137344986', 'Father near food chance seat. Defense agreement themselves professional also avoid.', 'What Member Really Ten Throughout', 'aLsLUHdjcWoFZqKnEQRE', 'nguyenryan@peck.com', '02/21/2016', '09/18/2017'),
('25952586', 'Commercial reach force wrong continue company. Teacher small treatment house explain stop better item. Career focus marriage understand across.', 'Some', 'adHELOGnOQoAWxxOOxqZ', 'jacquelinehood@bowman-lewis.biz', '02/12/2010', '09/12/2013'),
('175188377', 'Make six present especially. Billion soon window high. Letter other student central.', 'Difficult Drive Her', 'jhtPekJETGwrNQnHLYan', 'kendrapatterson@salinas.com', '04/27/2010', '04/29/2010'),
('131929161', 'Speak without just perform. Arrive increase upon bar onto hard section.', 'Especially Order Add Voice', 'MTiRgCveqIdsTJOggVgu', 'sarah68@fletcher.com', '09/21/2010', '11/27/2015'),
('48213317', 'Simply line board foreign interesting start property record. Street could agency early federal court. Child performance catch pass them spend.', 'May National Term Myself House', 'iiaAHqWaZWSWTwVehEAL', 'thomaspeters@rodriguez.com', '03/22/2014', '11/14/2014'),
('24474814', 'Practice practice remain concern back rate. Investment yourself financial could election soon beautiful seat.', 'Here', 'EifCvBdXqIjfDttGsQhp', 'ronald25@fields.com', '04/12/2011', '08/01/2015'),
('21600036', 'Relate thank south crime. Suddenly build new either. Land hand reduce itself myself nor give each.', 'Respond Account Stand Best', 'fmcEEYHeprFKQFblGKTC', 'shelley15@moran.com', '09/20/2010', '06/17/2017'),
('176407856', 'Prove your ahead short. Production time family together story book. Information past determine growth responsibility stand.', 'Deep Three Spring', 'MoQLDDxyAQZjAZvoaHTr', 'jacquelinehood@bowman-lewis.biz', '08/25/2010', '07/14/2015'),
('124506283', 'Be life listen sort very break.', 'Fly', 'uwLnXkzyTcPtSqjyunGS', 'jenningselizabeth@sweeney.com', '09/14/2012', '10/20/2016'),
('189672509', 'Positive toward morning plant step. Appear stuff fire any.', 'Hospital Face Road School Local', 'KgjbYQsZIQpzUWHWTSJA', 'flyons@wall.com', '11/16/2011', '05/25/2017'),
('19918782', 'Safe white role choice strong ok anything heavy. Before whom detail report both result which.', 'Process', 'RxabymYHbFutZlfzEEuC', 'petersonmichael@miller-gray.com', '03/06/2017', '04/03/2017'),
('168037398', 'Language seat notice capital lot level Republican. Might onto within second century compare institution rather. Book travel sign leg.', 'Since Deep', 'opXApMexLBoLMVmyEIbL', 'ruizheather@freeman.com', '02/28/2011', '11/04/2017'),
('39979616', 'Grow respond guy standard continue generation carry anyone. Left direction degree position around worker. Allow number allow the.', 'Add', 'bOneUsYxBlcApICCJacC', 'ryanmarshall@greene.com', '12/22/2014', '04/14/2018'),
('9626932', 'Which begin number. Specific task subject mother clear key describe financial.', 'Finally Over Oil Institution Exist', 'ifnWlCQOaWXrvWYoUEEj', 'ruizheather@freeman.com', '03/30/2015', '04/21/2015'),
('189079870', 'Fund opportunity author cold.', 'Light Modern', 'OKcRTVAZJSZALvMDYJfT', 'wterry@jones.org', '06/28/2011', '03/20/2015'),
('71398376', 'Participant economy government message military. Sense result news these exactly thus enough early. Better as her everybody we dinner.', 'Board Difference Explain Prepare Discussion', 'HLareEiBLeTUnZXWEpIX', 'flyons@wall.com', '03/12/2018', '03/21/2018'),
('33599857', 'Property indeed than and.', 'And Itself Project Financial Last', 'NMPJVAmQcfvYUASHEgXW', 'shelley15@moran.com', '10/13/2014', '03/17/2016'),
('119641752', 'Appear thank end try start. Our performance leader method cover.', 'Also Individual Design International', 'PcFeZGIRhkBIqnrYntEf', 'thomaspeters@rodriguez.com', '05/17/2010', '03/31/2014'),
('32470219', 'Include continue much. Change certain notice front news out series article. Food station break ask marriage edge recent.', 'Art Argue Wear Because', 'eoqHjbtdpSStiuGMSUSy', 'kevinsalinas@potts.net', '01/28/2012', '06/12/2012'),
('28644070', 'Draw garden young they minute whether. Skill require each determine. Free white little scientist.', 'Increase Actually Imagine Write Election', 'xHIvAMksUkFBUIdBQqvN', 'douglashatfield@decker-woodard.com', '06/03/2013', '03/04/2016'),
('176812996', 'Response five million even yes. If must across respond. Push student parent themselves.', 'Wonder Its Finish Ask', 'EvpICweHGVwoBlHfPWJo', 'lowetimothy@collier.biz', '11/12/2014', '10/03/2017'),
('103760595', 'Hand yeah must. Forward professor pay piece. Can friend for rate current support about indeed.', 'Sense Simple', 'adyRcMdlDPosUUAKdPBS', 'kevincannon@sims.biz', '03/04/2017', '02/26/2018'),
('192559672', 'Two need of. Including forget light.', 'Many Amount Wear Prepare', 'nvywxGyYZOxKqTKxmPgC', 'richardallison@morrow-jackson.net', '09/25/2015', '12/11/2016'),
('119492165', 'Whatever interesting PM condition. Happen level hard agree. Final food step clear skin toward compare.', 'Much Development Record Discover Image', 'OKlYzauWrcXPDaoOlKlk', 'richardallison@morrow-jackson.net', '11/12/2012', '01/05/2016'),
('117511446', 'Feeling learn affect. Store officer rate low benefit author.', 'Prevent Almost', 'zmryMgzDUrkXLQAVOJNo', 'xenglish@mcdaniel.com', '10/26/2014', '01/04/2018'),
('28177461', 'Available final throughout play article one. Interesting stop over else in begin product. All test final piece same section those.', 'Huge Similar Staff Ask', 'DYNGuYPYiypECqFUzLlG', 'sharonhensley@thomas.com', '01/19/2013', '07/14/2014'),
('120436876', 'Notice rather create exist. Friend involve fire building later.', 'Example Actually Character', 'ROUkFAUjLhUzEjmNVzog', 'marktaylor@haynes.com', '02/20/2013', '10/03/2017'),
('143721217', 'Employee scene author him soon. Easy bad serious energy maybe.', 'Finish', 'QzDCkvPPPWqLeLtWbrai', 'lowetimothy@collier.biz', '03/12/2011', '09/04/2014'),
('120969801', 'Then national these term economy magazine student. These technology enough red natural.', 'Drop', 'EQrhBUUZPfgeOUHgCDAF', 'griffithwilliam@freeman.com', '02/12/2012', '02/28/2016'),
('64034347', 'With about so artist attorney upon. Develop about security before future information American.', 'Machine Think', 'uoPuYqCBcMhbTxnPKCZI', 'ruizheather@freeman.com', '04/17/2011', '01/06/2012'),
('39893887', 'Herself foot process but sense up. Seem minute PM while kind group. This left will painting.', 'Indicate Since Specific', 'UJxVjdYlmwWUdtWHndSp', 'griffithwilliam@freeman.com', '11/08/2014', '01/16/2016'),
('30411553', 'Space consider but away. War draw price those guy. Test morning attack eat box purpose.', 'Cover Color Body', 'jmsbrxJMPCQqVblisMSy', 'kendrapatterson@salinas.com', '01/16/2010', '06/25/2012'),
('55421258', 'Attorney board parent lot generation nearly. Near five benefit new race play news. Everything across long without civil.', 'Morning Play Catch Reflect', 'yhKWyBHzFLCttDhcxgSY', 'jenningselizabeth@sweeney.com', '11/16/2017', '12/05/2017'),
('161793890', 'Hit than wear season paper. Commercial line represent notice arm should capital. Between table though much want maintain want.', 'According Impact Sister Control Deal', 'cXHZxCfUsiATFYBLQpwz', 'uhoward@thomas.net', '09/27/2016', '04/12/2017'),
('59675033', 'Least understand lawyer relate painting up. Weight think change east form smile.', 'Hour Raise Deep', 'zQSqlRqgwUQUSHWzMaPC', 'petersonmichael@miller-gray.com', '08/16/2017', '02/28/2018'),
('103329611', 'Visit strong which most interview prevent account. Listen civil bed school effect instead some. Seek throughout or stop authority human thousand.', 'Result Kitchen Body Within Guess', 'NZIVtgisIVXKyBSzrohq', 'shelley15@moran.com', '05/31/2012', '05/29/2013'),
('60183352', 'Learn forget in agreement past behind crime. Analysis force stock war business room available.', 'Painting Budget Audience', 'MGjQebCOQZdTAbRaIunU', 'marktaylor@haynes.com', '09/12/2011', '07/16/2016'),
('179664772', 'Administration read design use should. Thought project simple benefit.', 'Rest Size', 'ZVBXKUtGYNoYXuwTDDSG', 'kendrapatterson@salinas.com', '11/14/2012', '01/07/2013'),
('70598598', 'Catch generation field beautiful buy section save wear. Clear friend price. Hit middle inside degree.', 'Attack Hundred Police Various', 'iafJQkAFrLKbbjZQgAhI', 'petersonmichael@miller-gray.com', '10/24/2010', '08/13/2017'),
('132036900', 'Town low coach. Environment never music perhaps catch just type. Almost support black whether pay.', 'Chance Build Staff Exist', 'lhjzGExcbZuijkFrpqik', 'marktaylor@haynes.com', '01/17/2014', '02/13/2017'),
('102347810', 'What half if statement under born same allow. None everybody trial age buy administration decade. While company make. Huge daughter strategy more.', 'By', 'nvuSJTMZbyGQdlMHNDeT', 'richardallison@morrow-jackson.net', '10/02/2014', '12/21/2017'),
('114265304', 'Skill cold reason. Four become authority especially firm memory.', 'Hotel', 'ARIKBCBjjCFAhDzTijIe', 'kendrapatterson@salinas.com', '06/25/2011', '10/09/2013'),
('69314852', 'Small kid notice meet idea sing. Easy behind wonder new me. Word condition form current power.', 'Trouble Support Activity Difficult Popular', 'lhMuerIPadCePhpTeneg', 'sarah68@fletcher.com', '05/18/2010', '06/27/2016'),
('101312282', 'Including address ground then technology management four. Rate however hot recognize federal election fly. For inside data this decade modern item.', 'Summer', 'VfzzZfxDkOzMWpIilYka', 'marc24@lewis.org', '11/09/2016', '09/10/2017'),
('34067852', 'Miss own hit kid dark friend shoulder better. Husband board yeah.', 'Form Employee', 'zFIwxgogWVIEygrsuXip', 'lpotts@mayo.org', '12/16/2016', '04/22/2017'),
('6270255', 'Meeting hospital material suggest during. Would method add.', 'Low Choice', 'ddrAQiTwNnYZcEWDlryS', 'flyons@wall.com', '01/08/2017', '09/19/2017'),
('62385013', 'Event woman skin media. Sea cut as.', 'Task Industry Little', 'aBodfVzEbxAXHdMZHRoi', 'lgarza@moreno-villarreal.com', '03/17/2016', '07/01/2016'),
('137936897', 'Forward war continue time talk subject owner own. Space whole enter method loss explain born his.', 'Yourself Hope', 'gkTWLFDyyFhAADWbEFPy', 'jacquelinehood@bowman-lewis.biz', '10/30/2011', '04/02/2017'),
('67179766', 'Although direction my. Kid final gas police.', 'Describe Medical', 'hocjMsgREeENhDiGCXSj', 'jenningselizabeth@sweeney.com', '02/18/2012', '12/21/2012'),
('35837604', 'Type listen effort sound base I manager. Growth voice stuff recently discuss. Lay daughter step my career how.', 'Right Important Tend Do', 'AArIhcRgghqWLjVrmrac', 'griffithwilliam@freeman.com', '01/26/2011', '10/01/2017'),
('24586557', 'Him happy style two morning citizen report. Director day around. Another end budget task agency guess.', 'Dream', 'dzEcdqljrzjAMVoNMQmg', 'ruizheather@freeman.com', '04/23/2011', '08/02/2017'),
('59362375', 'Work southern know eight media middle room.', 'Inside Year Significant Attention Hope', 'AAQdVVvbIpxDsNoKQZaQ', 'lgarza@moreno-villarreal.com', '05/15/2011', '07/03/2012'),
('79934474', 'Teacher strategy each grow receive. Tv million like pass.', 'Such Woman Billion Policy Despite', 'DvyFjumsgrWqLhtXSXCR', 'jacquelinehood@bowman-lewis.biz', '10/24/2012', '12/23/2012'),
('52312727', 'Among even baby. Leg north heavy general after. Image stage lose firm operation responsibility.', 'Something Employee Produce Them', 'tDCtxsxbkbnvgiozPqgJ', 'cindywong@clark-torres.biz', '08/05/2010', '03/31/2011'),
('189549492', 'Free share card describe article. Nothing region eight least actually late Republican. Case event maintain question.', 'Than Start Strong', 'poKStuXWZIWUhbxusAsU', 'flyons@wall.com', '06/06/2012', '11/20/2015'),
('17972288', 'Eye exactly foot process. Case table second enjoy clear piece. Likely product friend candidate let.', 'Concern Building My Administration', 'xWYZDAFHTIVNFHgCqafX', 'nguyenryan@peck.com', '05/19/2010', '01/23/2013'),
('191797927', 'Floor inside arrive news culture. Start card use when anything happen woman. Thought relate this.', 'Fact Accept Than', 'SOiupDYJvVVoGEwqHdJG', 'petersonmichael@miller-gray.com', '12/14/2015', '07/09/2017'),
('177347634', 'Small young herself card impact.', 'He', 'qKDKHFASHwVwauTIEkUy', 'lpotts@mayo.org', '05/14/2017', '09/25/2017'),
('155265966', 'Eight loss light very full. Thank political everything threat order read. Bed itself question bit.', 'Feel Cause Within', 'AvVOMQHmAwnyLDqUlGmi', 'petersonmichael@miller-gray.com', '03/08/2018', '04/21/2018'),
('123977110', 'Item appear return.', 'Cup On', 'HPvCYLzMyBJwsdpAWKRx', 'cindywong@clark-torres.biz', '04/12/2016', '08/28/2017'),
('114457727', 'Little fine nice two security. Section skill thus trade. Include cell figure forget.', 'Arm Left Six', 'IUZLSPyRKtvbRSwDEjSL', 'kendrapatterson@salinas.com', '10/19/2012', '05/14/2014'),
('5840313', 'Majority sure mean final ready series. Message leader view science want six. Sound never maybe item produce its actually economic.', 'Couple Today Include May', 'UFEOjVZpeCNcZnJlSKEB', 'michaelrogers@johnston-zavala.com', '06/17/2010', '06/10/2017'),
('180757402', 'Best institution president become accept. Draw material radio. Just general she likely resource this.', 'Nothing Plan Deep', 'mvZxnKSSpCOvkdVLIudW', 'marc24@lewis.org', '06/15/2011', '09/05/2016'),
('57585911', 'Sense piece push experience last population executive. Watch old stock man religious.', 'Mention', 'OgkSyyMLxYuBPxODfwpP', 'griffithwilliam@freeman.com', '02/21/2017', '07/21/2017'),
('116637629', 'Hot capital Mr before wrong brother morning. At increase never top.', 'Agree', 'SfrakAoNWzhaQbfROUxO', 'ruizheather@freeman.com', '04/07/2017', '12/11/2017'),
('14526840', 'Set positive paper. Nice you through week finally.', 'Property', 'FNfawvTZbuvWFtfrRbGI', 'wterry@jones.org', '09/06/2016', '11/02/2016'),
('172071494', 'Staff treatment plant any plant black. Leader evening grow tough head network painting. Issue sort sell school turn. Laugh fall resource course.', 'Low Reason Thank Physical', 'NRlrFMuprhVcbVjDnFmX', 'griffithwilliam@freeman.com', '03/18/2011', '10/27/2016'),
('79002926', 'Artist three thought impact high. Until whom network. Test suffer suddenly someone method.', 'Policy Bed Common Out Congress', 'RqgeLdoTPECfjhPKcAUC', 'sharonhensley@thomas.com', '04/19/2015', '06/08/2017'),
('165970963', 'Same space hope health break while. Also because build identify. Dream house keep consider.', 'Candidate Discuss Father', 'XVrlsKyKVrHtiZuRNJXc', 'kevinsalinas@potts.net', '01/10/2015', '09/16/2015'),
('166461479', 'Bring anyone mention to course. All close total meeting fire effect operation area. Baby act develop.', 'Box Her Walk Drive', 'EfMgTTHjpbMbpSaLgKNa', 'trananthony@brown.com', '07/24/2011', '01/30/2015');
INSERT INTO DONATUR_KEGIATAN (donatur,kegiatan,nominal,tanggal) VALUES ('blaydonq@ocn.ne.jp', 'ZfvIiVCmXDaepksydTzb', '284247820', '06/19/2012'),
('rwildashv@spotify.com', 'VGLFpidMrKtsVSOAJTaY', '1524555290', '10/03/2011'),
('dmcbays@berkeley.edu', 'RBVkWthdOwiisPhiKlcK', '169569555', '02/06/2016'),
('aaharoniz@geocities.com', 'RBVkWthdOwiisPhiKlcK', '494331136', '12/30/2015'),
('dmcbays@berkeley.edu', 'mdktgIoiFAXvvUhzTCPo', '660111868', '09/28/2012'),
('sdarleyy@admin.ch', 'EWNFPyThgKscblBKrtbk', '316739458', '11/20/2010'),
('blaming17@devhub.com', 'zmryMgzDUrkXLQAVOJNo', '172296503', '10/06/2013'),
('rwildashv@spotify.com', 'gmDzMQQowfVyowaCauRu', '358350939', '07/27/2010'),
('jgounel18@tuttocitta.it', 'nJraaevGlLXsjXxWTbJF', '1028050470', '07/12/2010'),
('evaissiereu@ibm.com', 'gmDzMQQowfVyowaCauRu', '1704349372', '05/02/2010'),
('dmcbays@berkeley.edu', 'yBPuoCvOWuGpjoTkQWIL', '1352953443', '07/21/2013'),
('vmeriot14@wunderground.com', 'QuBjdWwqeMnqUYlelbLo', '143517218', '03/11/2011'),
('dcardon1c@unicef.org', 'poKStuXWZIWUhbxusAsU', '1875632380', '01/14/2016'),
('vokennedy1b@i2i.jp', 'KWWEtlEaWmEyqCBKsuCp', '739403704', '03/31/2016'),
('cfraczak11@jugem.jp', 'hocjMsgREeENhDiGCXSj', '391481139', '09/28/2011'),
('blaming17@devhub.com', 'yRKJyIaonxlBZbISgtwS', '163816267', '08/10/2013'),
('vmeriot14@wunderground.com', 'uhlDPzMQNuwCdbouTNcE', '1052834053', '06/16/2010'),
('sdarleyy@admin.ch', 'fmcEEYHeprFKQFblGKTC', '1423777124', '10/26/2016'),
('rwildashv@spotify.com', 'SOiupDYJvVVoGEwqHdJG', '1639913995', '12/05/2012'),
('cjacob1a@webmd.com', 'SrtIaXnMVHsGLFpzFwia', '1589637422', '11/01/2011'),
('dmcbays@berkeley.edu', 'SrtIaXnMVHsGLFpzFwia', '1042505275', '12/05/2014'),
('dmcbays@berkeley.edu', 'CBLDIFjIBbrVNojdnYpB', '1317868718', '02/08/2018'),
('evaissiereu@ibm.com', 'gkTWLFDyyFhAADWbEFPy', '1095105456', '03/19/2014'),
('gfisher13@technorati.com', 'poKStuXWZIWUhbxusAsU', '1267485876', '09/19/2014'),
('blaydonq@ocn.ne.jp', 'lhMuerIPadCePhpTeneg', '1609330219', '05/29/2015'),
('mbernhardt12@tripadvisor.com', 'cMRkQHLqdnsuQtYXYWXk', '1456548628', '12/18/2011'),
('mbanburyp@friendfeed.com', 'UJxVjdYlmwWUdtWHndSp', '1125082413', '01/01/2018'),
('dcardon1c@unicef.org', 'UFEOjVZpeCNcZnJlSKEB', '1366238382', '01/13/2010'),
('cjacob1a@webmd.com', 'QzDCkvPPPWqLeLtWbrai', '1970643313', '02/09/2017'),
('jgounel18@tuttocitta.it', 'dRNPtJCOtgctMNOJxQDl', '274020068', '06/21/2014'),
('vmeriot14@wunderground.com', 'jVDWFkZPrjyqOGMrzLfg', '229792233', '03/13/2016'),
('sdarleyy@admin.ch', 'LMGzcEyRGmYYVpivJnhe', '1080965143', '01/05/2014'),
('jplevin15@squidoo.com', 'lhjzGExcbZuijkFrpqik', '1780936752', '06/08/2010'),
('gfisher13@technorati.com', 'awBdmbqIYpIaQlEePKXG', '1470289484', '09/24/2016'),
('rwildashv@spotify.com', 'LMGzcEyRGmYYVpivJnhe', '1212133239', '07/29/2013'),
('rwildashv@spotify.com', 'rViakiLlouaYvslYgHvC', '963258833', '09/03/2013'),
('bcundyx@reverbnation.com', 'NcpjSfxNwODNRbSwKMvP', '834407482', '06/03/2013'),
('aaharoniz@geocities.com', 'MTiRgCveqIdsTJOggVgu', '71724841', '09/21/2014'),
('evaissiereu@ibm.com', 'rViakiLlouaYvslYgHvC', '449807491', '02/04/2017'),
('jcalabryr@cmu.edu', 'MTjZCRbfFnHoLMvBYptg', '1332630127', '04/05/2015'),
('gbonson19@marketwatch.com', 'DvyFjumsgrWqLhtXSXCR', '620673855', '01/31/2014'),
('cjacob1a@webmd.com', 'KFVCCXAuefEDZpFkwFWP', '1211204209', '08/20/2016'),
('mbanburyp@friendfeed.com', 'yBPuoCvOWuGpjoTkQWIL', '298869587', '10/09/2017'),
('mbanburyp@friendfeed.com', 'cXHZxCfUsiATFYBLQpwz', '481751297', '06/07/2012'),
('jplevin15@squidoo.com', 'cFtrmZuHgmGWGtsWMsFY', '1373175541', '10/16/2010'),
('mbanburyp@friendfeed.com', 'poKStuXWZIWUhbxusAsU', '452350959', '11/05/2014'),
('blaming17@devhub.com', 'HLareEiBLeTUnZXWEpIX', '1122266129', '07/20/2017'),
('mbernhardt12@tripadvisor.com', 'mdktgIoiFAXvvUhzTCPo', '42518375', '02/25/2016'),
('vokennedy1b@i2i.jp', 'YrauzBBSoECHPXPabTgz', '314077906', '07/25/2013'),
('oduffan16@yolasite.com', 'jhtPekJETGwrNQnHLYan', '1805980039', '06/07/2013');
INSERT INTO KATEGORI (kode,nama) VALUES ('AtHrZvcHKzikRrTHPOTZ', 'Baby'),
('XZbDwQTXKkGZdHRjaNMn', 'Either'),
('gmcDrdmGQzpseKbAHwlQ', 'Health'),
('mUprPAhrScTdfJaltZdU', 'May'),
('NsTTnTmaGDNmTGJVYMAM', 'New'),
('nPmTKVLXyIoYKKrYozyV', 'Pull Off'),
('QMoIlmTdXTYAkfoYgveI', 'Yourself'),
('vyUdfpAsTyIVdgHxgnrI', 'Civil'),
('fmYYELgDIKtbxfQibQQZ', 'Much Floor'),
('mUKCZPgIQTplsIBVtihL', 'While'),
('azzMSuBwyGrUePTBmjYi', 'Old'),
('tJletIBBXoAchzdPQowr', 'Report Organization'),
('HEWMlagnXQqWjORQoCwr', 'Table Another'),
('VXQQGKaLREtrmPgqyPZL', 'Road'),
('YAbsBHRvmGUBjrWidzRD', 'Necessary Movie'),
('KgKoVjaoKJyjpBYMwKpY', 'Fast Throughout'),
('iyTJavItPqIUQxmIWecI', 'Enough'),
('lvebygryXTvFwINeXKlH', 'Whether Him'),
('ASvjvnuVonuhxXaXAXIh', 'Discover'),
('IJbzNfkXhaqDKArgrJww', 'Manager Mrs'),
('bOmWgnzNJGaHPSdSuUtv', 'Activity Bar'),
('dgprRTesqtzqALTAsmjV', 'Per Probably'),
('knflyawJqXKGwgGqSGWr', 'Star Oil'),
('ZVwjUkjEQefxNyAaXGxR', 'Economy'),
('ufOBsffFJfgbviBgGjtq', 'Notice Level'),
('PTJEwXGJszoyRLTdRxHx', 'Or Remember'),
('ndgnnNaNgwznOoTTWPpk', 'Off Upon'),
('ZmljBtAjVSCirDxRqDjh', 'Serious Short'),
('qKgoSaEgODMJuAkoPthv', 'Style'),
('WqWlRoeMGdQoidRrKVbp', 'Improve'),
('LvugVwujjeNOieJdmmCq', 'Support Wife'),
('sDaAFUqIJNzuGFLlFFOC', 'Thousand Place'),
('GhZDovMGaJDNLxTmhrNG', 'North Seem'),
('HCIOUGrfvAgApLzOWCOv', 'Tv'),
('msRcVQFTSlUTRgkqYmhJ', 'Eye'),
('XgLFWVmLWufVNRztOrkR', 'Strong'),
('WTzVOvvfpqfiPxHKWxHv', 'Director Two'),
('YqfHkOPJEkEGDwEPRKPo', 'Enough'),
('tWTANirOBVHGTegclkcR', 'Present'),
('jPylRWSaCVpcajyNMERR', 'Whole'),
('tNCtmXPtkSKCXvlUrPjY', 'Close'),
('ijOeNTCSptDskemfDVlN', 'Deal'),
('VElYADRfdhHRnHwkPtpw', 'By Food'),
('VQbPyhynIuqVmFOkBTWu', 'Design'),
('mDIADYHTSrMgyAeWuSCr', 'We'),
('WQGVqINetoZTQBSZgAxo', 'Go'),
('mIuriHLIbBcaAvxwwwLx', 'Family Every'),
('OxcLANWxkBHvrXjMRHJK', 'Appear Team'),
('GjDEnDxIWiqUwjFkQaAg', 'Benefit Those'),
('DsFWKryvoShpRrZmFBZw', 'Recently');
INSERT INTO KATEGORI_KEGIATAN (kode_kategori,kode_kegiatan) VALUES ('VXQQGKaLREtrmPgqyPZL', 'eoqHjbtdpSStiuGMSUSy'),
('iyTJavItPqIUQxmIWecI', 'jRfzmVGuviSEGbitzWgi'),
('XZbDwQTXKkGZdHRjaNMn', 'FeHbHHCrkkOtJUOzVKjn'),
('nPmTKVLXyIoYKKrYozyV', 'OXasjRqPFGNuIXASbzIh'),
('gmcDrdmGQzpseKbAHwlQ', 'zFIwxgogWVIEygrsuXip'),
('fmYYELgDIKtbxfQibQQZ', 'nvuSJTMZbyGQdlMHNDeT'),
('msRcVQFTSlUTRgkqYmhJ', 'MGjQebCOQZdTAbRaIunU'),
('tJletIBBXoAchzdPQowr', 'NZIVtgisIVXKyBSzrohq'),
('ZVwjUkjEQefxNyAaXGxR', 'DxKOzmEFhzfChzrCXWBi'),
('tNCtmXPtkSKCXvlUrPjY', 'yBPuoCvOWuGpjoTkQWIL'),
('iyTJavItPqIUQxmIWecI', 'aBodfVzEbxAXHdMZHRoi'),
('AtHrZvcHKzikRrTHPOTZ', 'MfMGNGSQbvnHKiFZBcYb'),
('AtHrZvcHKzikRrTHPOTZ', 'RxLGLpPfjiLiGXVapiJB'),
('qKgoSaEgODMJuAkoPthv', 'jmsbrxJMPCQqVblisMSy'),
('XZbDwQTXKkGZdHRjaNMn', 'OEODpLpwHlrVZIJZYHFh'),
('WTzVOvvfpqfiPxHKWxHv', 'bOneUsYxBlcApICCJacC'),
('tJletIBBXoAchzdPQowr', 'CKOfpGAYUdRIdjoZMklU'),
('VQbPyhynIuqVmFOkBTWu', 'LMGzcEyRGmYYVpivJnhe'),
('AtHrZvcHKzikRrTHPOTZ', 'KgjbYQsZIQpzUWHWTSJA'),
('PTJEwXGJszoyRLTdRxHx', 'AAQdVVvbIpxDsNoKQZaQ'),
('LvugVwujjeNOieJdmmCq', 'hzPenDzQzfUcmpjsIBRz'),
('gmcDrdmGQzpseKbAHwlQ', 'cMRkQHLqdnsuQtYXYWXk'),
('fmYYELgDIKtbxfQibQQZ', 'EifCvBdXqIjfDttGsQhp'),
('GjDEnDxIWiqUwjFkQaAg', 'MfMGNGSQbvnHKiFZBcYb'),
('mUKCZPgIQTplsIBVtihL', 'hzPenDzQzfUcmpjsIBRz'),
('knflyawJqXKGwgGqSGWr', 'lFQzWXHzNspnvIZhFvoA'),
('fmYYELgDIKtbxfQibQQZ', 'aBodfVzEbxAXHdMZHRoi'),
('knflyawJqXKGwgGqSGWr', 'LsrabZHeDSSZDEQrgnNO'),
('GjDEnDxIWiqUwjFkQaAg', 'zKAtUrlOkcNGeovvnYoJ'),
('HEWMlagnXQqWjORQoCwr', 'QzDCkvPPPWqLeLtWbrai'),
('knflyawJqXKGwgGqSGWr', 'SOiupDYJvVVoGEwqHdJG'),
('ijOeNTCSptDskemfDVlN', 'aBodfVzEbxAXHdMZHRoi'),
('ZVwjUkjEQefxNyAaXGxR', 'vlGrkdEdnBOVUqObAxrZ'),
('ZmljBtAjVSCirDxRqDjh', 'stfRguzNWuuyMOZQWyHY'),
('ASvjvnuVonuhxXaXAXIh', 'CIdGXXKmNUCPYgCebpDP'),
('IJbzNfkXhaqDKArgrJww', 'aDqkjftVCVIybcEYZkdR'),
('DsFWKryvoShpRrZmFBZw', 'jmsbrxJMPCQqVblisMSy'),
('qKgoSaEgODMJuAkoPthv', 'MbJWLbgtaeSBOJESSxyD'),
('tJletIBBXoAchzdPQowr', 'VfzzZfxDkOzMWpIilYka'),
('knflyawJqXKGwgGqSGWr', 'WmxgpzcIGdcekEpaFxrD'),
('mDIADYHTSrMgyAeWuSCr', 'SgEfsZCKGqYrMtBkcqyj'),
('ZVwjUkjEQefxNyAaXGxR', 'CKOfpGAYUdRIdjoZMklU'),
('mUKCZPgIQTplsIBVtihL', 'KAUZloFvQahvmKlBxJbX'),
('IJbzNfkXhaqDKArgrJww', 'neEmBMTYYHwQUYoUgCCv'),
('ijOeNTCSptDskemfDVlN', 'ZfvIiVCmXDaepksydTzb'),
('YqfHkOPJEkEGDwEPRKPo', 'feptvFDGTvFhfQgIKXWI'),
('VQbPyhynIuqVmFOkBTWu', 'TCqqYAvjyseqjAuAhMeh'),
('ndgnnNaNgwznOoTTWPpk', 'CKOfpGAYUdRIdjoZMklU'),
('knflyawJqXKGwgGqSGWr', 'ifnWlCQOaWXrvWYoUEEj'),
('AtHrZvcHKzikRrTHPOTZ', 'AArIhcRgghqWLjVrmrac');
INSERT INTO REWARD (barang_reward,harga_max,harga_min,kode_kegiatan) VALUES ('Build', '1949286776', '97488882', 'YujtGdlPLXQqvkKrGDuD'),
('Rest', '729345293', '89736473', 'wrtadwPAbxGcHNdfODnB'),
('Full', '705496197', '23879903', 'OsrgGTQcTVWGwRKWRHXI'),
('Avoid', '530701183', '150830232', 'oCJijwMmNJpWDQpIcXUQ'),
('Choice', '528880628', '161264187', 'OEODpLpwHlrVZIJZYHFh'),
('Power', '1381205365', '147959373', 'SgEfsZCKGqYrMtBkcqyj'),
('Together', '731600069', '83959798', 'OKcRTVAZJSZALvMDYJfT'),
('Certainly', '704506894', '169831858', 'jhtPekJETGwrNQnHLYan'),
('Manager', '408075392', '183895502', 'GINuFEMVNpewCOPlFAgT'),
('Land', '1420620000', '31347026', 'YujtGdlPLXQqvkKrGDuD'),
('Learn', '786793613', '163652796', 'gVxEOWXRhdDoqIQYenTe'),
('Thank', '1745231415', '25625457', 'ZBiiLFBoYEuMUdfetGzg'),
('Each', '1404707704', '33024191', 'DvyFjumsgrWqLhtXSXCR'),
('Article', '944364191', '180161701', 'OsrgGTQcTVWGwRKWRHXI'),
('Particular', '336376584', '179664807', 'rViakiLlouaYvslYgHvC'),
('Miss', '1339930605', '39634815', 'DBIDEXWaQGhQGtmWSBXY'),
('Than', '188518459', '22278327', 'ifnWlCQOaWXrvWYoUEEj'),
('Serious', '775246088', '28208668', 'sVvjfAbHyEUtebTyFdEc'),
('Card', '1872487327', '119385197', 'tDCtxsxbkbnvgiozPqgJ'),
('System', '1202232532', '97588294', 'uwLnXkzyTcPtSqjyunGS'),
('Here', '762731883', '58887677', 'OfcsezgzEooUCuwGOhmb'),
('Evening', '1130660546', '121798742', 'awBdmbqIYpIaQlEePKXG'),
('Because', '1323500002', '137276625', 'kGJrjWLYYMMcTCRRRCsQ'),
('None', '1269223975', '51560826', 'PZluZwQdywdmBuAEyWso'),
('Mrs', '1178960143', '52145528', 'iwLgdZcpWzKfavVWlvNm'),
('Specific', '523593205', '41898344', 'lhMuerIPadCePhpTeneg'),
('Rock', '801112030', '41043192', 'yRKJyIaonxlBZbISgtwS'),
('Material', '946421623', '183963606', 'ARIKBCBjjCFAhDzTijIe'),
('Act', '973021444', '71224581', 'NcpjSfxNwODNRbSwKMvP'),
('Since', '918752590', '142175887', 'OXasjRqPFGNuIXASbzIh'),
('Side', '169765082', '137039857', 'SjdMssiJsIuDaxtPaadt'),
('Stand', '1102512326', '70160792', 'RSYTIJzlvonWLZawvpWW'),
('His', '1305987783', '67364956', 'kGJrjWLYYMMcTCRRRCsQ'),
('Reason', '734920524', '97631218', 'lhMuerIPadCePhpTeneg'),
('Personal', '980484923', '129911381', 'adHELOGnOQoAWxxOOxqZ'),
('Guy', '906725678', '55788064', 'HLareEiBLeTUnZXWEpIX'),
('Risk', '1859939688', '44970179', 'kmqMSHdLlFMXRvdOcYnC'),
('Rate', '1874712036', '66356319', 'jwdXZfahMoZLsrLBDMCZ'),
('Suggest', '1602197436', '111874097', 'lmoYaVUsaDbClPRlHYxA'),
('Protect', '853708307', '130008249', 'aBodfVzEbxAXHdMZHRoi'),
('Eye', '1163942138', '96174635', 'VfzzZfxDkOzMWpIilYka'),
('Risk', '838558330', '149256210', 'pblSsWSTxSHKAYLoBizj'),
('Can', '979251009', '41771010', 'AArIhcRgghqWLjVrmrac'),
('Protect', '1885606110', '1401048', 'zKAtUrlOkcNGeovvnYoJ'),
('Agreement', '151453704', '108374608', 'eFLyOHiKXBRQYGysPGCv'),
('Should', '938533393', '194532959', 'bkMTjPkeCskWbwuEXpKc'),
('Next', '1758464411', '43954529', 'emgKjuWWpMpnwPKxUUfG'),
('Shoulder', '552060169', '8720887', 'RqgeLdoTPECfjhPKcAUC'),
('Entire', '1882097153', '150825917', 'YujtGdlPLXQqvkKrGDuD'),
('Purpose', '1187681876', '10911321', 'NpJFXNUbWryizCLyswMH'),
('Agent', '1739791761', '94446382', 'feptvFDGTvFhfQgIKXWI'),
('Remember', '837796119', '117206171', 'vjtQXDqDbzrxbYZhgjPY'),
('Understand', '716271602', '181300167', 'iafJQkAFrLKbbjZQgAhI'),
('Marriage', '336069332', '83553569', 'tnAWtpaTLqRVFpxTFUMz'),
('Buy', '1203849574', '142084582', 'tnAWtpaTLqRVFpxTFUMz'),
('Reach', '1192273541', '152805708', 'iwLgdZcpWzKfavVWlvNm'),
('Interesting', '774926698', '135976299', 'yhKWyBHzFLCttDhcxgSY'),
('Star', '1709477369', '188499204', 'FeHbHHCrkkOtJUOzVKjn'),
('Determine', '1206358991', '92582176', 'DJgViLfeIiBYwcVzTuSN'),
('Society', '1621712728', '155447802', 'cXHZxCfUsiATFYBLQpwz'),
('College', '517479631', '85777810', 'lhjzGExcbZuijkFrpqik'),
('Area', '1833707914', '122183483', 'MuJtQBfNBsPHqrFMPHeQ'),
('Media', '1385347660', '176123250', 'ARIKBCBjjCFAhDzTijIe'),
('Offer', '1218637002', '148951053', 'SOiupDYJvVVoGEwqHdJG'),
('Future', '1202758038', '124768432', 'lFQzWXHzNspnvIZhFvoA'),
('Every', '994368821', '177319864', 'feptvFDGTvFhfQgIKXWI'),
('Serve', '898904061', '83451670', 'OXasjRqPFGNuIXASbzIh'),
('Visit', '1772992849', '144546927', 'CnRBkPbkHYVUYwYctdPZ'),
('Business', '1236051276', '113955887', 'eoqHjbtdpSStiuGMSUSy'),
('Relate', '1063588730', '178234329', 'iwLgdZcpWzKfavVWlvNm'),
('Reach', '1145025144', '166764163', 'JLtPSphRSpHTMvxkRhAN'),
('Degree', '701655240', '124542988', 'adHELOGnOQoAWxxOOxqZ'),
('Trouble', '82285369', '18510576', 'AvVOMQHmAwnyLDqUlGmi'),
('Side', '899151584', '6764414', 'OqLsxihlvHLUSOaNeaIz'),
('Prevent', '857950928', '172616898', 'kGJrjWLYYMMcTCRRRCsQ');
INSERT INTO BERITA (deskripsi,judul,kegiatan,kode_unik,tgl_kegiatan,tgl_update) VALUES ('Begin movement character past always this hard. Instead while she the arm shoulder thousand mission.', 'Nice Her Return Here', 'EifCvBdXqIjfDttGsQhp', 'AxzcSEQZYcIjlGNtCdCj', '07/31/2017', '03/31/2017'),
('Suddenly property begin important throughout. True arrive expect heavy. Surface stuff decade push find live.', 'Consider Cultural Thought Free', 'poKStuXWZIWUhbxusAsU', 'DvfhJZuwfhEzGfQhBymg', '04/24/2018', '06/14/2016'),
('Pick woman through up prepare.', 'Reality', 'zFIwxgogWVIEygrsuXip', 'lOiBMLMwzGEixVTIoFIJ', '09/25/2017', '07/25/2017'),
('Boy night former catch western activity. Give major thousand change improve. Rather sell them accept sign business community.', 'Message Store List Indicate Big', 'emgKjuWWpMpnwPKxUUfG', 'oumogtycSnfrZzWLTAeZ', '01/06/2016', '04/24/2012'),
('Blue ok city laugh. Task others discussion according news thousand father. Rich number claim people particular step.', 'Series Use', 'iafJQkAFrLKbbjZQgAhI', 'ApbeyXUTWzbVNPmJUiiH', '05/07/2014', '10/21/2011'),
('Age article man nation. Security training why none tree authority must.', 'Catch Age North Middle', 'rfrRTllOUXAUBvlkYjUO', 'GuWlGJWmgnQWxlyLprgx', '08/18/2017', '07/06/2017'),
('At head fall return own. Ball eight public return point choose weight.', 'Response Half Base Recent Red', 'ZfvIiVCmXDaepksydTzb', 'FDHWoRwkeGIQBLTaziHy', '03/01/2012', '06/09/2011'),
('Old thank family smile. One key watch talk adult per.', 'Buy', 'dRNPtJCOtgctMNOJxQDl', 'zWdfDggOGJoblLptuXwd', '10/18/2015', '06/24/2015'),
('Catch college new tough you discover rise. Wife current various sit.', 'Somebody', 'gVxEOWXRhdDoqIQYenTe', 'vHZpcewvhyBlShzOhPzD', '10/08/2016', '01/17/2015'),
('Different natural above hand campaign candidate center. Be return chance fill step activity term.', 'Decide Operation Site', 'lhjzGExcbZuijkFrpqik', 'OYyDzHkJARZVrFddrpaT', '03/22/2018', '10/26/2017'),
('Concern appear model others. Term design where activity. Player notice decision. Gas more society prevent arrive pick reveal factor.', 'Begin You Skin', 'eSYblbJKmdKvFeuWqngl', 'HjHqCZKEgAswHVvugVIh', '01/15/2018', '04/01/2015'),
('Fund Congress line mean.', 'Television', 'jVDWFkZPrjyqOGMrzLfg', 'ySeNKgKGIkespYKBvTmh', '04/04/2013', '11/04/2011'),
('Research daughter as artist huge education.', 'By Open Question Rise', 'VSXQtRtdhDqbFPmxcFGe', 'rDcWmDFbuLisyWerJmKT', '01/08/2016', '01/01/2014'),
('Change window real half garden. Eight claim guy current glass trouble guy.', 'Take Moment', 'RqgeLdoTPECfjhPKcAUC', 'xycntytpvkLLVJpDiTOS', '04/03/2013', '06/19/2012'),
('Stop PM base notice. Arrive bill country conference mission. Financial also car behind.', 'Arrive Kind Page Agent Course', 'ASWHnAPiVkHxGxUguORE', 'ypHKaDNiCgfylVVdaTtx', '03/11/2017', '11/27/2016'),
('Rich hour trip together country.', 'Method Evidence Billion Anything', 'AArIhcRgghqWLjVrmrac', 'BzxIPBKLnhYKRonzASih', '06/13/2011', '03/28/2011'),
('Morning move anything represent another. Give traditional I lead.', 'Quickly Different Room Recently Speak', 'nvuSJTMZbyGQdlMHNDeT', 'YKCIAAeBDhBViLbKgXmA', '11/06/2015', '06/01/2010'),
('Official movie follow take along quite.', 'Job Price Experience', 'GINuFEMVNpewCOPlFAgT', 'TZMKwbBiGVyaOALRJUaN', '03/17/2015', '07/06/2012'),
('National challenge manager consider window before. Can usually tree summer resource eight and.', 'Young Staff Forget Everyone Wrong', 'qKDKHFASHwVwauTIEkUy', 'mwlDPZzZZqrSIOgGcZzB', '01/16/2012', '08/25/2010'),
('Contain ever this crime traditional station left. Either senior miss wait like carry response. Heavy commercial cost prevent position major population often.', 'To Common Successful', 'aBodfVzEbxAXHdMZHRoi', 'EOvNXAXMsnQdRZBafvaV', '04/23/2018', '05/31/2013'),
('Table clearly worry. Probably could seven reality. Yet news exactly whatever choice reality play.', 'Alone Television Center Simple', 'wrtadwPAbxGcHNdfODnB', 'DhLglrklQcBKijUbuXPQ', '10/16/2017', '01/09/2015'),
('Apply black central war evening. Wife smile institution purpose alone sport.', 'Well Law Garden Week', 'ZVBXKUtGYNoYXuwTDDSG', 'TDYOkePcHKTRlcgLgzXg', '04/30/2017', '09/29/2011'),
('Reflect brother about travel. Law sense past none long small. Perhaps finish after.', 'Performance', 'RBVkWthdOwiisPhiKlcK', 'LsqHHUzLQcmIgAEcvuCd', '03/31/2018', '08/07/2015'),
('Lead our job beautiful claim church month. Increase some kitchen. Need treat participant laugh grow writer.', 'Raise Political Scene Pm', 'hocjMsgREeENhDiGCXSj', 'tYWXPAzAAZUNMgApqhWS', '02/22/2018', '07/20/2017'),
('Voice change offer window light culture. Pass send note quickly.', 'Share Without', 'KFVCCXAuefEDZpFkwFWP', 'yUCkpKoalkAkKaeoGSyi', '04/03/2013', '12/10/2010'),
('According past road choose son north. Peace notice once deal say. Order later put yourself follow last thank.', 'End Often', 'XVrlsKyKVrHtiZuRNJXc', 'FedKZEYmWQHxPeSkVoTH', '05/06/2015', '04/26/2014'),
('Something industry admit each fast serious three. Public most white understand return soon. Organization heavy white party approach law.', 'Everything Them', 'NpJFXNUbWryizCLyswMH', 'unilnkCawlXbulzYJLsy', '04/01/2017', '04/11/2016'),
('Gun score assume. Upon way general. Sing analysis live they change.', 'Able During Though Most', 'yhKWyBHzFLCttDhcxgSY', 'acmStHlfwoQeLeVdsTfE', '07/08/2014', '06/13/2012'),
('Mr let class soldier. Ready one this improve thought room anything.', 'Book Agree Heart', 'EQrhBUUZPfgeOUHgCDAF', 'ljSrnXcdlePcuhvPpQfz', '01/12/2016', '02/09/2015'),
('Year art service tree stay owner possible. Store hour impact task interest song. Science consumer care.', 'Degree', 'RkfiaZdeZXLsPjuDWdlx', 'pVoOuJXXeCJHRVjNFHmj', '02/07/2018', '08/22/2010'),
('When since baby give focus me rest. Safe game skin read. Base need writer performance several.', 'Capital Few Knowledge Challenge', 'OKcRTVAZJSZALvMDYJfT', 'laojwLhRCHrEVacAnsOI', '03/29/2016', '02/26/2016'),
('Until prevent practice responsibility all. Rock like can bit politics toward. Newspaper computer chance foreign enjoy.', 'Agreement', 'cFtrmZuHgmGWGtsWMsFY', 'vBphkjvgtPxtElWUnMtN', '11/07/2016', '11/21/2013'),
('Amount understand challenge million couple law. Bank such feeling focus. Five available write understand get word.', 'Score', 'zmryMgzDUrkXLQAVOJNo', 'oZxlYeroGRlckamOIhCU', '07/20/2013', '06/01/2013'),
('Everybody police tend. Hotel when forget look camera chance region. Much down energy police lay stuff occur shake.', 'Investment', 'KFVCCXAuefEDZpFkwFWP', 'IRnqWMRSSuIupcfGCbag', '11/17/2017', '11/16/2017'),
('Adult finally deep new school career. Six true finish short role knowledge.', 'Example Game National', 'ddrAQiTwNnYZcEWDlryS', 'UMxVGNbKuJmliGCWMivz', '01/09/2012', '10/17/2010'),
('Read majority bad data amount. Rate if really find article without.', 'Onto Money', 'awBdmbqIYpIaQlEePKXG', 'kxbukQbeoUAdFvVmnTgd', '04/16/2017', '04/20/2013'),
('Some check change agreement director issue. Any even institution. Pay say today forget fine reason important.', 'Fish Officer You Join', 'eSYblbJKmdKvFeuWqngl', 'FScTFZpWAQzzamDZkMyA', '03/10/2015', '08/11/2013'),
('Responsibility consider war style through. Arm that billion set. Listen only interesting impact.', 'Spring Table Fund', 'eysmJIgOOYiDBLFiuEoh', 'AnaJkiJOiiwhryTnShnK', '07/07/2015', '09/17/2014'),
('Order board middle together common focus effort. Above morning their. Democratic entire wrong clear by.', 'Where', 'RBVkWthdOwiisPhiKlcK', 'ygnzwiWPNKFYraZAGrXB', '03/01/2011', '02/27/2011'),
('White item reflect thought chair. Girl southern security question free catch weight action. Free upon ok report usually fire.', 'Determine Account Hope Not', 'bOneUsYxBlcApICCJacC', 'uQlxQBPwXPeTRFgcbsZo', '02/03/2018', '09/05/2012'),
('Eight its great player wind surface. Possible figure property region right. Agency Democrat alone officer keep indicate.', 'Wide Experience Artist Clearly Former', 'VfzzZfxDkOzMWpIilYka', 'ijWQJqYUqEABGNtBJJry', '02/13/2018', '09/21/2013'),
('Yes identify issue degree perform matter design. Since move pull compare nation positive. Type common accept.', 'But Player Simple Issue', 'mWtLAnLHbUdgYFnWfpbN', 'JKRkUJrUXGheULrYmEVq', '12/23/2017', '09/22/2011'),
('Still serious teacher price. Space international far.', 'Finally Future', 'mNEykxgODYNHrIQtViTj', 'mxkgNEvznftjSFjkNhRC', '03/24/2018', '07/13/2014'),
('Best yet garden throw. Change kid entire bed. If out interesting staff wide decide firm role.', 'Join Own International', 'oCJijwMmNJpWDQpIcXUQ', 'bIUPvAhMTcEqDISnMHWd', '05/06/2017', '05/10/2013'),
('Deal other tell develop keep ahead newspaper.', 'Miss North', 'FshaNbwntNiSADIljAIc', 'apdIJbkHGerBbbcfTVZh', '09/26/2016', '11/30/2015'),
('Key space above trial door. East oil evening staff plant. Own company heart common.', 'Score Rather Always Top Hard', 'YrauzBBSoECHPXPabTgz', 'lRVGFGyxmDujMlNtOHyy', '03/23/2015', '08/09/2013'),
('Rest year since care economic street difficult budget. Say move try face. Guess position hundred cultural itself forget public recognize.', 'Few Officer Feel', 'JjRVStNcmGrhnYuRJmhn', 'WFNajJnvGuJXQPiIFqBy', '09/28/2016', '09/18/2012'),
('Test time so standard another cost message win.', 'Control', 'qKDKHFASHwVwauTIEkUy', 'wsKvYlCruBDLzurQtmSo', '04/22/2018', '04/19/2018'),
('Much late industry education short baby. Table front tough find blue.', 'Everything Goal Present Prepare Seek', 'KFVCCXAuefEDZpFkwFWP', 'sETlYsQGntrKPyEgjJxP', '06/25/2017', '05/28/2017'),
('We official hair suddenly federal can. Think deal word blood without. Treatment trip only major.', 'Push Daughter Case', 'cFtrmZuHgmGWGtsWMsFY', 'KOBzwvVGtIzmcDoyaYsn', '12/27/2016', '08/23/2015'),
('From later sure effort avoid. Picture model society responsibility get.', 'Allow Rise Young', 'FNfawvTZbuvWFtfrRbGI', 'grflASqddRNtIovCppNq', '02/16/2015', '07/02/2014'),
('Lawyer begin upon without cut. East police home simple. Choose ever realize eight own.', 'Career Money West', 'gVxEOWXRhdDoqIQYenTe', 'oGOUXkwaUvOGeoYnYwbR', '01/15/2018', '09/28/2017'),
('Better understand matter task.', 'Item Tree Yet State', 'awBdmbqIYpIaQlEePKXG', 'BsLhevIiMppGeGRikjsn', '02/11/2018', '10/14/2014'),
('Choice town statement civil blood. Actually election measure. Call church green fall seat.', 'Discover Accept', 'ZBiiLFBoYEuMUdfetGzg', 'qWktvdKYCnSmWqUMJzem', '04/16/2013', '01/02/2013'),
('Wonder onto theory defense here local. Language safe yourself technology. Mouth poor form natural. Behind democratic social region.', 'Management', 'yYxLrFNUbxFFkCYSmRNb', 'XFyhoAHDjeqjiyiWlmQP', '06/25/2013', '09/27/2012'),
('Show future may offer community my large.', 'Create Success Local', 'VSXQtRtdhDqbFPmxcFGe', 'IkxygrjcBTqWZXBxBhQt', '08/15/2015', '02/20/2012'),
('Off type fill her close. Claim mention throw foreign.', 'International Impact', 'NZIVtgisIVXKyBSzrohq', 'dduTrKrGNofkEBsTYHFc', '08/14/2016', '04/27/2014'),
('Similar admit house door commercial how evening. Almost whatever size second through kind summer debate.', 'Out Use Many', 'eFLyOHiKXBRQYGysPGCv', 'DpfOjVZNspIxUbfuaeYd', '05/18/2017', '11/25/2012'),
('Let point list standard break argue. Today visit ask. Fast example Mr size bring impact that.', 'Someone Save Term Night Light', 'ARIKBCBjjCFAhDzTijIe', 'nQrvgjnVIBBQBetXJFIn', '04/04/2017', '01/31/2015'),
('Born these hear foot offer late. Pretty might me carry.', 'Want Low Later Along', 'vjtQXDqDbzrxbYZhgjPY', 'diObouuoTjCMWjRWmKyj', '07/22/2012', '04/05/2012'),
('Condition past threat heavy.', 'Realize Best Executive Much', 'QRdLNDdVxImFHwPkJEmf', 'CkcpdmIwMpSCuCCjoYSK', '08/23/2015', '09/15/2010'),
('Pick because company leave debate. Begin actually pay network exist school. Current investment arm its four.', 'Me', 'dzEcdqljrzjAMVoNMQmg', 'wwXapjLzkxbuAEdcTDfb', '02/17/2018', '11/22/2016'),
('Ball play develop bring. Increase education discover important approach production dark.', 'Effect Figure', 'FshaNbwntNiSADIljAIc', 'zEgbmVZyYSHeuHAbKDsQ', '01/15/2018', '12/02/2017'),
('Various management term significant century natural some. Doctor test produce road speech season realize. Budget full blue quality create. List throw without small.', 'Image Detail Result', 'NZIVtgisIVXKyBSzrohq', 'tKPhAOtWuPqLFxFErSnp', '10/09/2017', '07/04/2015'),
('Feeling simply candidate compare quite yeah business professional. Make despite step ten dog bit. Stop year perform research those.', 'Sea', 'vjtQXDqDbzrxbYZhgjPY', 'JemhDELXfqaRbXiObSWq', '04/01/2017', '02/23/2017'),
('Tv short popular off. Practice thus receive possible but.', 'Specific Let Draw Movie', 'fIIqYUaLxrtxLTsfsHJa', 'AHHfAtLBqwFyQelCySmZ', '01/24/2015', '07/19/2010'),
('Begin beyond experience candidate mother action dream security. Week item home.', 'Page Which', 'NpJFXNUbWryizCLyswMH', 'HbRXrvxXAzVcVPyuxuTd', '05/28/2017', '02/17/2014'),
('Thing agree lot price campaign responsibility dinner.', 'Very Field Serious Every', 'gyuUMnTTTpISAKrOOENR', 'niwmLwLEmQvvVTJTYcfU', '02/22/2017', '09/03/2010'),
('Or good bad young subject prove. Believe produce various second set far amount.', 'Scientist Condition', 'HPvCYLzMyBJwsdpAWKRx', 'hLZeniLTwgxlpQpHqKkC', '06/29/2017', '04/20/2014'),
('Law power energy tend but boy. When job open.', 'Why Other Role Hot', 'mvZxnKSSpCOvkdVLIudW', 'RBFVeqhhGzBosKxUpTRt', '08/25/2017', '01/18/2011'),
('Family station hand bed position fill white. Computer season politics protect TV.', 'Support Relate Say Fact', 'MbJWLbgtaeSBOJESSxyD', 'xFIDrlTNCjCoKptlwSkh', '05/13/2014', '04/21/2014'),
('Hot cut throughout. Blue other shoulder nothing then plant PM. Prevent state whole sea itself father someone fund.', 'Between', 'MTiRgCveqIdsTJOggVgu', 'iFWBKeelkQJIussymcqd', '09/08/2016', '08/16/2016'),
('End scientist have. Performance soon man plant guess.', 'Compare Like Law Partner', 'VSXQtRtdhDqbFPmxcFGe', 'iCImKSguEopEFOqmlEnf', '04/24/2012', '05/31/2011'),
('Draw respond prevent themselves. Local walk technology capital.', 'Answer Without List', 'EQrhBUUZPfgeOUHgCDAF', 'rDtGwWYDVmjirTMEoQlz', '12/01/2013', '03/29/2011'),
('Top concern impact. Staff concern able role build while. Out very inside people nearly. Bill weight medical near.', 'Within', 'UFEOjVZpeCNcZnJlSKEB', 'XsrRGTSUeVXoafUnvNvR', '03/06/2017', '03/21/2010');
INSERT INTO LAPORAN_KEUANGAN (is_disetujui,organisasi,rincian_pemasukan,tgl_dibuat,total_pemasukan,total_pengeluaran) VALUES ('True', 'jenningselizabeth@sweeney.com', 'Say southern old listen me. Field stop camera quality commercial.', '03/25/2015', '152929793', '101468253'),
('True', 'trananthony@brown.com', 'Top how begin staff note set man. Available although near individual. Food service leave tough child culture process year.', '11/16/2015', '160474893', '37741696'),
('True', 'kendrapatterson@salinas.com', 'Evening president share effect change. Early military fall just. Mother start push center rest.', '01/21/2017', '84829030', '154190963'),
('True', 'wterry@jones.org', 'Garden test watch activity stand ok. Require act four must. Heavy among mention teach add.', '07/08/2010', '185244691', '13095667'),
('False', 'petersonmichael@miller-gray.com', 'Floor billion along mother. Open prove always suddenly official land.', '01/27/2015', '92609735', '18868117'),
('False', 'petersonmichael@miller-gray.com', 'Thought realize fund take available yard analysis. Movie end model down try college various. Wall kitchen resource serve.', '01/08/2013', '172042082', '15552698'),
('False', 'lpotts@mayo.org', 'Appear thank evidence blue once. Watch home especially stop.', '05/24/2017', '1981946', '95476301'),
('False', 'richardallison@morrow-jackson.net', 'Any wife peace nearly organization current assume economy. When situation nice.', '02/04/2013', '140877739', '35247598'),
('False', 'kevinsalinas@potts.net', 'Draw keep tree term candidate. Writer off son inside win since. Able what notice once organization with.', '08/10/2013', '66398047', '4537189'),
('True', 'sarah68@fletcher.com', 'Will doctor pretty entire. If discussion story pick collection drop. Six through down goal example job.', '02/24/2012', '169516075', '9382068'),
('False', 'jacquelinehood@bowman-lewis.biz', 'South option human among.', '09/06/2013', '34692733', '123276175'),
('True', 'michaelrogers@johnston-zavala.com', 'Particularly oil parent glass work officer box. Into company stage air culture something participant grow. Much simple wear certainly everybody try cut.', '02/21/2010', '133941405', '112023495'),
('True', 'ronald25@fields.com', 'Gas vote knowledge begin everything wonder. Skill citizen nature. Moment together college else chair not.', '02/09/2010', '83479934', '164068379'),
('True', 'kevincannon@sims.biz', 'Office institution member record good film. Organization consider nation hospital. Today air education remember.', '01/02/2013', '158851091', '70390023'),
('True', 'jenningselizabeth@sweeney.com', 'Final establish here level series movie soldier. Art ever through report.', '07/03/2012', '82114281', '155916812'),
('True', 'lpotts@mayo.org', 'First doctor design building himself top. Structure still election. Line difference leader until audience into amount.', '02/26/2017', '17795819', '36128062'),
('False', 'uhoward@thomas.net', 'Leg suggest wife program prove. Friend government find TV experience other sort. Culture different whole trip.', '11/01/2014', '6148374', '11467458'),
('True', 'petersonmichael@miller-gray.com', 'Fast difficult mean customer issue hit state program.', '11/23/2017', '188748889', '11916354'),
('False', 'trananthony@brown.com', 'Including health until college hard Mrs threat. Area early hold race spring rest prove. Friend oil control of store mother.', '06/05/2011', '24323766', '17078888'),
('False', 'sharonhensley@thomas.com', 'American window marriage citizen degree. Throw if thus number mean close growth. Service deal treatment argue.', '12/03/2010', '107270535', '97095279'),
('False', 'sarah68@fletcher.com', 'Task little style want expect soldier. Data hotel scene step morning pick good door. Whom station guess night brother. Serve keep east interview.', '01/12/2015', '68346996', '167459616'),
('False', 'cindywong@clark-torres.biz', 'Edge work true push win. Attorney doctor community mind.', '02/03/2012', '49303631', '127273740'),
('True', 'michaelrogers@johnston-zavala.com', 'Guess sound tree former. Range national just home agreement. Choose stay store hope full window oil take. Professor institution style himself raise.', '09/16/2013', '164199308', '7785973'),
('True', 'xenglish@mcdaniel.com', 'Available argue own report stuff business. Leave special would sit course including feeling change.', '01/20/2013', '104442388', '77566963'),
('True', 'uhoward@thomas.net', 'We deal employee check respond yourself. Ready however agree yourself program pretty. Second have dark church town bed democratic.', '04/29/2016', '194171756', '184341659'),
('False', 'kevinsalinas@potts.net', 'World each be power. Quality year see quality box marriage statement upon. Each three kitchen far.', '12/20/2013', '97838697', '152643656'),
('True', 'sarah68@fletcher.com', 'Whom particularly final. Whether chance produce final recent soon government. Include action question for build sound expect.', '02/11/2018', '61838105', '194153190'),
('True', 'kendrapatterson@salinas.com', 'On popular court. Main federal at method amount explain attack.', '09/24/2013', '49591683', '155001150'),
('True', 'trananthony@brown.com', 'Maintain reveal rate country know. Wind simply system three hard model million. Over policy year.', '11/23/2016', '105949044', '164601951'),
('False', 'sharonhensley@thomas.com', 'Example least fill world street very brother. Conference Mr treatment stay first sister amount.', '02/07/2013', '70835478', '26155179'),
('False', 'lpotts@mayo.org', 'Whose election simple. Player either either decide a. Me change hour I.', '06/16/2016', '98567799', '41331077'),
('True', 'marktaylor@haynes.com', 'Civil response stay technology really yourself. Between hour appear will and car term.', '09/23/2017', '23807293', '15718543'),
('False', 'wterry@jones.org', 'Remember most wife fund skill long old.', '07/17/2012', '122647393', '161357844'),
('True', 'lgarza@moreno-villarreal.com', 'South reveal him sea room. Dark table popular.', '06/28/2016', '150548602', '152731632'),
('False', 'sharonhensley@thomas.com', 'Window others although send sign mean. Listen prove raise employee represent president around social. Old couple want like be agent.', '10/20/2010', '149803226', '29389952'),
('True', 'lgarza@moreno-villarreal.com', 'Or position to position break. Risk wonder area generation help.', '12/20/2017', '37255695', '138263665'),
('False', 'lpotts@mayo.org', 'Allow never word early wish little Mr. Black eat ground baby none picture but.', '11/15/2017', '132179230', '152878375'),
('False', 'marc24@lewis.org', 'Example property claim grow treatment early sign. According including machine adult education open start. Style miss thousand Mrs opportunity break. Scene thousand opportunity impact.', '08/17/2012', '74240776', '26250642'),
('False', 'richardallison@morrow-jackson.net', 'Mouth here front happy possible wrong performance job. Whether company some above moment part. Not sure none.', '11/18/2017', '139920066', '159659555'),
('False', 'flyons@wall.com', 'Matter film body amount. Reflect treatment together skill trade throw exactly.', '11/01/2011', '105973566', '117487340'),
('True', 'kevincannon@sims.biz', 'Hair accept else safe. Many either apply week anyone somebody. Lose night blue south kind think hard.', '11/28/2014', '92749702', '102063468'),
('False', 'douglashatfield@decker-woodard.com', 'Speech fight can federal. Party pattern south later crime yourself.', '07/29/2013', '36763679', '40697871'),
('True', 'ronald25@fields.com', 'Leave source main class employee bill. School meet deal team decision rise.', '12/15/2017', '76345350', '139517361'),
('True', 'sharonhensley@thomas.com', 'More writer religious threat manager along century. Inside huge place upon since since. Whether person cause face.', '09/01/2017', '176985537', '199759193'),
('True', 'lgarza@moreno-villarreal.com', 'Phone continue Mr yet per look. Teacher special say better kind.', '12/04/2016', '80125771', '70270912'),
('True', 'uhoward@thomas.net', 'Side particular number reveal. My chance surface example state guess bed. Support result believe authority book off price.', '06/25/2016', '42681045', '179126069'),
('False', 'lowetimothy@collier.biz', 'Fight although stock local conference way result. Leader government moment toward. International than put beyond.', '08/10/2016', '36466731', '77253162'),
('False', 'michaelrogers@johnston-zavala.com', 'Above protect pressure wind. Reality sign write history. These situation music window.', '09/09/2013', '3601764', '192684363'),
('True', 'xenglish@mcdaniel.com', 'Concern spring get on add Mrs career. Yeah prepare country. Feel throw easy quickly community follow situation. Pass choose teacher institution face along husband.', '06/28/2016', '102436670', '88362710'),
('False', 'ronald25@fields.com', 'Hard particularly or energy little thing kitchen. Still PM nature business law. Spring fish generation natural.', '04/17/2011', '76535091', '123494949'),
('True', 'uhoward@thomas.net', 'Administration skin create provide continue door daughter service. Very paper technology issue lawyer available.', '08/23/2013', '147908010', '78328016'),
('True', 'wterry@jones.org', 'Population into when tonight person stock. True movie key clearly important. Hit blood hit on understand but.', '12/01/2013', '171977983', '190004045'),
('False', 'uhoward@thomas.net', 'Church similar wrong help kitchen.', '10/04/2017', '161086111', '82519665'),
('True', 'lpotts@mayo.org', 'Work positive land figure develop owner this relate. Standard relate so. The challenge somebody far church turn federal.', '08/20/2015', '44783995', '147939204'),
('True', 'richardallison@morrow-jackson.net', 'Chance open drive meeting increase.', '03/23/2010', '96114143', '124289315'),
('False', 'kevinsalinas@potts.net', 'Game interesting serious few. Just car bit thank. Which general surface authority blood other.', '01/21/2018', '138401338', '6309583'),
('False', 'kevinsalinas@potts.net', 'Military final yeah.', '04/28/2016', '44789119', '156085909'),
('True', 'petersonmichael@miller-gray.com', 'First investment pick side thousand book continue lose. Side husband short fire. Far wall loss couple.', '05/28/2014', '123905544', '31595445'),
('True', 'wterry@jones.org', 'Resource analysis pressure morning reflect control clearly. Color year care collection. Manager direction idea month.', '02/13/2016', '18949153', '37710709'),
('False', 'petersonmichael@miller-gray.com', 'From significant political collection anything through. Room local sort network.', '03/05/2014', '151623303', '133941302'),
('False', 'jacquelinehood@bowman-lewis.biz', 'Company receive ahead. Us feel act what notice room. Yourself those car little build social.', '09/22/2011', '104800358', '163082136'),
('True', 'petersonmichael@miller-gray.com', 'Run resource ever see. Factor throughout statement condition situation. Work democratic central inside.', '08/24/2016', '141943917', '10425433'),
('True', 'jacquelinehood@bowman-lewis.biz', 'Truth movie figure tree another state. Me score drop need already peace door.', '12/09/2015', '146472730', '87914481'),
('True', 'griffithwilliam@freeman.com', 'Tend quality away response stand my whether education. Music deal produce better. Audience the become follow or.', '05/05/2017', '51844558', '3081706'),
('False', 'thomaspeters@rodriguez.com', 'Likely imagine easy investment. Mention civil exactly whose. Church environmental subject sort high.', '09/30/2012', '106513216', '92799157'),
('False', 'ruizheather@freeman.com', 'Past will last loss save. Police reflect soldier drug.', '02/27/2012', '62598022', '111854104'),
('True', 'cindywong@clark-torres.biz', 'Show individual cultural charge hair while get. Here forward money buy so score. Act place commercial later.', '03/06/2012', '195834681', '137232789'),
('False', 'marc24@lewis.org', 'Result political value TV miss civil according. Class year former throw report. Interest far fight capital.', '06/07/2013', '125205691', '169364285'),
('True', 'jenningselizabeth@sweeney.com', 'Society food recognize. Visit box nation hold foot.', '09/21/2012', '8290422', '3918865'),
('False', 'thomaspeters@rodriguez.com', 'Production contain provide help clear morning. Anyone maybe professional allow. Girl white ask single interview million.', '03/28/2015', '189122977', '26013124'),
('True', 'douglashatfield@decker-woodard.com', 'Them heart my general compare.', '06/08/2014', '22573824', '190682699'),
('True', 'thomaspeters@rodriguez.com', 'Break guess institution audience.', '07/05/2012', '43462636', '121930195'),
('True', 'michaelrogers@johnston-zavala.com', 'Animal event respond also music. Stage wall religious.', '02/17/2015', '76328995', '115326391'),
('True', 'jacquelinehood@bowman-lewis.biz', 'How threat group general drop. Heart government leave news fast cell.', '03/17/2014', '18672555', '179043822'),
('False', 'jacquelinehood@bowman-lewis.biz', 'Second pattern or still carry. Beat idea our. Huge popular about them might.', '11/28/2013', '170345679', '86918386'),
('True', 'kevincannon@sims.biz', 'Himself might example like set PM focus.', '09/21/2010', '191068678', '187533703'),
('True', 'shelley15@moran.com', 'Your ok range vote report wife industry. Six represent response fly. Allow official hot record for wrong trouble.', '05/03/2011', '18504906', '167656324'),
('True', 'nguyenryan@peck.com', 'Dream people after guy social white. Knowledge family international. Rock detail almost thank poor.', '10/27/2011', '130818843', '128614118'),
('True', 'nguyenryan@peck.com', 'Play arm seven evening we. Score executive carry consumer plant. Foreign personal maintain west when.', '06/30/2014', '107659053', '38501681'),
('True', 'ruizheather@freeman.com', 'Compare pressure no long citizen democratic. Let create few decade phone national. Film poor pull accept treat.', '01/22/2012', '147373242', '79464116'),
('True', 'douglashatfield@decker-woodard.com', 'Term friend old away something activity international. Decide white tell another half instead staff. Certain million sign bar southern.', '04/14/2011', '165935206', '158873035'),
('True', 'flyons@wall.com', 'Meet smile why kitchen growth you politics. Give food base student democratic. Bag measure way fire.', '09/21/2012', '33405325', '159387127'),
('False', 'jenningselizabeth@sweeney.com', 'Impact amount direction evidence through. Explain community people answer arrive. Water each region same thank.', '04/07/2015', '147473577', '172816962'),
('True', 'lpotts@mayo.org', 'Property stop cut century sell if adult. Movement point hundred speak billion dream according. Gas position often.', '07/27/2010', '88553535', '105975852'),
('True', 'xenglish@mcdaniel.com', 'Discussion quality half smile side. Present same bank environmental.', '05/06/2012', '29130436', '191350675'),
('True', 'kendrapatterson@salinas.com', 'Fire culture sort contain part sort. Question deep bank able.', '08/15/2014', '51935654', '104573049'),
('False', 'ryanmarshall@greene.com', 'Top side nice response candidate very. Direction detail medical first him.', '02/10/2014', '103081092', '54304280'),
('True', 'griffithwilliam@freeman.com', 'Prepare eat loss evening total kitchen after. Case current participant same. Majority by article talk people stuff. Seat tell because western where early eye guess.', '12/15/2011', '70130291', '70729056'),
('False', 'richardallison@morrow-jackson.net', 'Change stay until policy. Ball away lawyer sign hundred. Benefit hit each indeed measure surface director.', '06/18/2010', '133290595', '83435529'),
('False', 'nguyenryan@peck.com', 'Yeah occur event poor. Clear road voice up myself clearly analysis. Simple challenge space.', '05/06/2010', '150710361', '82184131'),
('True', 'kevinsalinas@potts.net', 'Prove future along bit chair. Crime left your door eye peace.', '02/01/2014', '70474610', '177324602'),
('False', 'kendrapatterson@salinas.com', 'Too major teach themselves. Example show vote stand. Perhaps interest and message behavior else already.', '07/08/2015', '146674939', '21409339'),
('False', 'marktaylor@haynes.com', 'Table space always piece must suggest image yard. Save begin build official training without.', '08/01/2014', '59912899', '90936155'),
('False', 'richardallison@morrow-jackson.net', 'Appear paper inside determine everyone them cover budget. Large to could unit enjoy not page.', '03/03/2011', '92783374', '160373480'),
('False', 'lowetimothy@collier.biz', 'Score each trip public home space change. Take product crime early turn.', '11/01/2014', '14734103', '146632025'),
('False', 'sharonhensley@thomas.com', 'Those five consumer crime send cut last. Degree top political letter story receive.', '10/08/2010', '146664673', '140701773'),
('False', 'ryanmarshall@greene.com', 'Beyond senior tax according. Too method dog western cause rule although almost. Sea popular husband piece.', '10/30/2011', '9760660', '48042641'),
('False', 'xenglish@mcdaniel.com', 'Will story world explain eight serve decision. North cold east heavy. Knowledge moment exist reflect manager.', '12/30/2013', '148955512', '117016499'),
('True', 'jennifermedina@edwards.com', 'Population east ready. Above eye work five fish my throughout. Natural property music heavy low room candidate.', '08/09/2016', '167427421', '21022724'),
('False', 'marktaylor@haynes.com', 'Blue work majority blue man husband there. In reflect method simple start. Wait member direction understand.', '05/31/2013', '77716904', '92967062'),
('False', 'ronald25@fields.com', 'Miss reveal a. Teach agree song surface until way stay. Particularly color hundred help trade. Ask which but compare move.', '05/26/2010', '99570472', '30247566'),
('True', 'kevincannon@sims.biz', 'Thousand message bad miss that. All born who painting. Size success never.', '06/16/2013', '56214981', '133903310'),
('True', 'sharonhensley@thomas.com', 'When audience avoid test analysis. Others gas church reality anything food. Window million piece beyond.', '09/10/2017', '53993917', '180262972'),
('False', 'nguyenryan@peck.com', 'Provide also ahead relationship fly. Employee positive another southern.', '02/10/2014', '159198750', '182945800'),
('True', 'trananthony@brown.com', 'Eight claim no since catch. Before if natural figure financial allow fly movement.', '03/31/2011', '133009855', '89348256'),
('True', 'shelley15@moran.com', 'Them support concern interesting interview.', '05/09/2014', '85670452', '156997531'),
('False', 'sarah68@fletcher.com', 'Chance during under phone most. Customer approach week phone degree one computer.', '06/24/2010', '51069669', '958270'),
('True', 'xenglish@mcdaniel.com', 'Fish southern water arm. One really third economic bill radio.', '03/17/2016', '92464006', '73990596'),
('False', 'uhoward@thomas.net', 'Explain six life green entire miss popular tough. Activity tree sense example game. Assume old live material.', '01/21/2010', '50099538', '889941'),
('False', 'lowetimothy@collier.biz', 'Debate home environmental evening. Speak blue arm produce animal.', '03/21/2018', '53515860', '60650610'),
('True', 'xenglish@mcdaniel.com', 'Nation maintain clearly wrong alone nearly stage receive. Expect writer arrive wide benefit note thank production. Could shake direction choice space candidate window protect.', '05/06/2015', '157647568', '27090056'),
('True', 'michaelrogers@johnston-zavala.com', 'Third large almost stage very data building. Even race store maintain partner. Let product save size produce.', '10/25/2017', '50441649', '170088274'),
('True', 'marktaylor@haynes.com', 'Standard budget as industry data perhaps. Without start worry adult magazine push according. Themselves add least.', '09/17/2016', '144411111', '43027147'),
('True', 'lgarza@moreno-villarreal.com', 'Task thank than. Relationship audience produce activity green camera address.', '08/18/2012', '90635583', '31767964'),
('False', 'marktaylor@haynes.com', 'Level yes campaign save road arm.', '04/05/2015', '146614294', '24073188'),
('True', 'xenglish@mcdaniel.com', 'Administration raise everything quality. Difficult hospital little democratic campaign heavy. Audience find require. Drive affect why just.', '12/19/2012', '83680465', '74736508'),
('False', 'jacquelinehood@bowman-lewis.biz', 'Anything learn back. Weight age young.', '05/05/2010', '155504990', '87661314'),
('False', 'douglashatfield@decker-woodard.com', 'Where actually sister charge direction prove. Individual price forward prove foot.', '07/06/2014', '61935420', '25029905'),
('True', 'jenningselizabeth@sweeney.com', 'Meet century us fast toward herself already. Provide international quality believe contain.', '03/01/2014', '196670727', '58103351'),
('True', 'kevinsalinas@potts.net', 'Wind poor away husband fast. Third boy table customer coach cover physical.', '03/27/2018', '170956617', '62906793'),
('False', 'ruizheather@freeman.com', 'Western relate most now boy behind. Trip five player read trade.', '03/24/2016', '44227710', '42010548'),
('False', 'uhoward@thomas.net', 'Pay hear account store though daughter. Baby fill pay support these effect culture fact.', '07/16/2010', '82407577', '116687645'),
('False', 'sarah68@fletcher.com', 'Student Republican bar find author four policy view. Administration against difficult soon. Parent statement million base majority fire.', '01/06/2018', '24107197', '199620007'),
('True', 'lgarza@moreno-villarreal.com', 'Offer media know effect. Total base rich. Area impact investment single consumer moment wish.', '01/12/2011', '41012799', '80575018'),
('True', 'griffithwilliam@freeman.com', 'Ever push book method five reflect carry. Affect feel performance cold idea draw. Participant pull event country any people thus mention. New water few officer set begin avoid.', '01/24/2018', '145887291', '138136530'),
('False', 'michaelrogers@johnston-zavala.com', 'Nature middle weight big. Figure play place. Matter interesting third man policy investment.', '04/09/2013', '23069271', '101085040'),
('True', 'shelley15@moran.com', 'First night about rock generation between sure treatment. Morning hair home trade election buy. Society pretty reduce strong foreign.', '02/22/2015', '98371138', '38494902'),
('True', 'kevincannon@sims.biz', 'Night top personal a rather drive. Five night down prevent energy mission world.', '08/08/2014', '159401332', '108681102'),
('False', 'sharonhensley@thomas.com', 'Bar of either early research. Part wish its happy new. Sell record us follow.', '03/15/2011', '166934667', '9311305'),
('True', 'thomaspeters@rodriguez.com', 'Degree administration more year. Best these catch defense color measure middle. Happen week too.', '12/26/2012', '169996562', '27173778'),
('True', 'lgarza@moreno-villarreal.com', 'Team good pay analysis speech. Card mind nature itself production.', '04/24/2013', '131335727', '117980138'),
('True', 'marc24@lewis.org', 'Nation church group mention. Result commercial section military win industry hold serve.', '11/14/2013', '8755964', '8199575'),
('True', 'lpotts@mayo.org', 'Military television suggest along democratic sit. But street opportunity suffer work interest foot. Entire benefit us why.', '04/16/2015', '178113783', '132542550'),
('False', 'marc24@lewis.org', 'Take order behind. Development body north. Way Mr when difficult technology happy animal.', '06/05/2013', '195129197', '197232204'),
('True', 'ronald25@fields.com', 'Leg side another various quality magazine product. Not kind fund star treat. Think line learn will gas bring.', '10/25/2014', '85288728', '105675190'),
('False', 'sharonhensley@thomas.com', 'Nice no agreement can beautiful. Carry address final but just official move. Walk result responsibility owner possible usually south.', '05/01/2016', '47400747', '100851614'),
('True', 'nguyenryan@peck.com', 'House form task authority between if. Available door produce fact.', '07/16/2012', '69193787', '6221523'),
('False', 'kevinsalinas@potts.net', 'Many voice since travel.', '08/06/2014', '195374665', '75786610'),
('True', 'kendrapatterson@salinas.com', 'Maybe never get name. According there hour recently drop range. Concern business serious industry certain.', '02/12/2011', '82743805', '167228738'),
('True', 'sarah68@fletcher.com', 'Any challenge make especially in. Behind and quality task. Discussion increase thank attack writer generation structure.', '12/10/2010', '30562858', '95576716'),
('False', 'cindywong@clark-torres.biz', 'Them find no. Another top local offer manager reality.', '11/13/2010', '166064551', '56207218'),
('True', 'thomaspeters@rodriguez.com', 'Idea team themselves senior voice. Couple including deal shake run. Carry together that check half. Need section indicate sound fill practice.', '06/24/2012', '98052945', '147050235'),
('False', 'cindywong@clark-torres.biz', 'Business wrong lead director real whatever structure. Interest evening grow wish speech green.', '03/17/2016', '186440173', '16430528'),
('True', 'xenglish@mcdaniel.com', 'Next front Mrs she. Statement low send.', '08/31/2010', '198453464', '26828565'),
('False', 'kevincannon@sims.biz', 'Executive north best voice least outside practice. Rather young relationship southern right sit.', '03/15/2013', '18031442', '175281859'),
('True', 'kendrapatterson@salinas.com', 'Become color major. Reason without report set center. Who else fear who sense design.', '06/20/2010', '199222348', '135829973'),
('True', 'sharonhensley@thomas.com', 'Network executive affect claim scientist. Career environmental service seven. Among range daughter today. Play save draw military some series bit.', '01/23/2017', '135776605', '53265377'),
('True', 'petersonmichael@miller-gray.com', 'Painting central every though support them. Gun section east summer including job break. Science challenge outside whether total.', '01/13/2011', '49852601', '97893001'),
('True', 'lowetimothy@collier.biz', 'Describe enjoy data name. Life thousand college black doctor. Worry itself fire learn ball policy.', '04/28/2017', '52576812', '17103810'),
('False', 'petersonmichael@miller-gray.com', 'Culture responsibility leg sense analysis mission seek.', '05/20/2011', '85059136', '115864740'),
('True', 'lgarza@moreno-villarreal.com', 'Arrive participant carry professor affect less. Other study set across opportunity six.', '04/20/2018', '1574960', '97312361'),
('False', 'lowetimothy@collier.biz', 'Nearly rock father none former. Fly experience trouble book head.', '02/25/2010', '153486087', '40950804'),
('False', 'ryanmarshall@greene.com', 'Pick wish offer sister film little billion. Feel create writer knowledge. Minute rock deal yet operation member.', '06/03/2010', '22271009', '162658035'),
('True', 'lowetimothy@collier.biz', 'Nearly friend third second last wait. Tax perform win threat give discuss heavy.', '07/26/2012', '163709935', '197528937'),
('True', 'kevincannon@sims.biz', 'Husband quite join per. Computer book event run its through.', '09/11/2010', '182762459', '7857320'),
('True', 'shelley15@moran.com', 'Effect side give approach. Art end only pick herself boy. Price phone magazine charge hand commercial natural.', '06/21/2011', '38717557', '92926820'),
('False', 'ryanmarshall@greene.com', 'When among human common should. Wonder cut star effort whole.', '11/05/2010', '164279244', '9035482'),
('False', 'kevincannon@sims.biz', 'Exactly war take smile produce network world. Person media plan interest. Far physical recent institution apply cover create of.', '09/25/2014', '56929483', '1126250'),
('True', 'michaelrogers@johnston-zavala.com', 'Believe help or hit. Behavior oil significant talk power including entire. Pass remember order several. Administration become wall space job yes include.', '11/04/2012', '167111831', '17074236'),
('False', 'marktaylor@haynes.com', 'Quickly may business allow ahead career. Material which light miss think.', '10/27/2017', '79583426', '185373839'),
('True', 'kendrapatterson@salinas.com', 'Than station into finally. Explain provide field him market.', '11/25/2013', '153785741', '102154397'),
('False', 'petersonmichael@miller-gray.com', 'Article thing fire form should be.', '03/20/2014', '51817213', '46742463'),
('False', 'uhoward@thomas.net', 'Force industry message every. Onto nice reason bill go.', '03/22/2010', '191828784', '134623983'),
('True', 'ronald25@fields.com', 'Paper market alone skin participant foot research. Social lot time wife by be sport. Store choose indeed land see.', '08/22/2010', '132394762', '188625676'),
('False', 'jacquelinehood@bowman-lewis.biz', 'First record debate often message increase. Character go it read. Administration enough order seek draw sister.', '08/13/2016', '191230323', '20218471'),
('True', 'petersonmichael@miller-gray.com', 'Fire view human only. Itself still between western part.', '11/01/2017', '12253661', '96954497'),
('True', 'ruizheather@freeman.com', 'Eye relationship detail election enough. Art soon movie shoulder suggest ever.', '02/25/2018', '140663403', '164578161'),
('True', 'kendrapatterson@salinas.com', 'Everyone reason far station. Church me present father military order.', '07/31/2015', '110968055', '63225129'),
('False', 'marc24@lewis.org', 'Race defense pressure in part mission walk. Anything common style public level treat.', '09/14/2016', '65747388', '180319719'),
('True', 'griffithwilliam@freeman.com', 'Career nice have manager truth factor.', '09/09/2017', '130316740', '162989429'),
('False', 'ronald25@fields.com', 'And respond camera yard whom eye. Check bill season kitchen leave wonder. Scientist happy recent throughout particularly rich money.', '10/22/2010', '110631317', '156634342'),
('False', 'marktaylor@haynes.com', 'Raise several according major paper pick indicate.', '06/12/2011', '69996525', '46427222'),
('True', 'uhoward@thomas.net', 'Senior able let truth claim. Myself economy mind degree. Once billion the Republican push body nature.', '05/04/2015', '60391694', '21723714'),
('False', 'lpotts@mayo.org', 'Toward here other and mention reflect. Explain out despite care. We agent foreign may key cell agreement.', '09/08/2016', '130899339', '78084358'),
('False', 'griffithwilliam@freeman.com', 'World do the place fish. Recognize indeed expect also process spring doctor.', '06/19/2016', '75490111', '161538847'),
('True', 'flyons@wall.com', 'Participant to decade walk. Light remain environmental could.', '03/27/2011', '90922378', '176599029'),
('True', 'flyons@wall.com', 'Past rate general floor education system. Likely town rise do tend gas capital. Large well current first development young though.', '10/10/2014', '144903682', '38358703'),
('True', 'sharonhensley@thomas.com', 'Grow next build here money throughout building watch.', '02/12/2017', '189254435', '63441504'),
('True', 'richardallison@morrow-jackson.net', 'Now deep smile guy throughout.', '06/29/2012', '88135335', '92316060'),
('True', 'douglashatfield@decker-woodard.com', 'Feel federal others tend. Yard system wait story child body. White education give race positive national.', '02/06/2016', '79804353', '48550603'),
('True', 'jenningselizabeth@sweeney.com', 'Today effort budget cover. Morning pull outside and. Gas message appear next event personal.', '04/14/2016', '111612699', '102759245'),
('False', 'jacquelinehood@bowman-lewis.biz', 'Street ready various describe. Even professional yard possible million notice spring generation. Such in skill behavior.', '01/06/2013', '112345005', '110910844'),
('True', 'michaelrogers@johnston-zavala.com', 'Mind once doctor machine still social. Near itself describe too all voice realize.', '09/26/2011', '59426154', '73529415'),
('False', 'thomaspeters@rodriguez.com', 'Heavy budget group strategy miss move wear family. Energy another realize.', '02/07/2014', '163969091', '33772077'),
('True', 'ryanmarshall@greene.com', 'Image always despite test later hundred travel. Remember fast get suggest suddenly.', '03/17/2016', '45195243', '193564588'),
('True', 'douglashatfield@decker-woodard.com', 'Sound tonight same across. Which notice administration. Back effect best name left purpose may.', '12/15/2010', '100057301', '79689112'),
('True', 'jenningselizabeth@sweeney.com', 'Material nation whether movie hot first letter hand. Good follow difference those.', '12/29/2014', '136007915', '131660521'),
('False', 'shelley15@moran.com', 'Simply door necessary fight hot. Tv everything address hotel coach both. Better interview agree identify result.', '09/13/2013', '83854607', '96822166'),
('False', 'ryanmarshall@greene.com', 'Could raise mission technology bag thank. Without range skin lead government. Forget think yet leg staff head.', '09/18/2013', '129178414', '52860779'),
('True', 'kendrapatterson@salinas.com', 'Purpose whatever last meet. Lawyer gun simply watch organization end.', '02/06/2018', '70702062', '145951045'),
('False', 'sarah68@fletcher.com', 'Past music yet scene. National away growth. Change deep boy situation left alone.', '12/18/2011', '70126881', '132889037'),
('False', 'kendrapatterson@salinas.com', 'Organization produce sport upon. Morning theory control through determine new.', '07/11/2015', '23782274', '148769774'),
('False', 'richardallison@morrow-jackson.net', 'Continue respond adult particular drug position since. Second have whom too win.', '01/15/2010', '61444562', '25132314'),
('True', 'kendrapatterson@salinas.com', 'Goal whom example anything. Technology none early who.', '06/11/2011', '173736604', '132180088'),
('True', 'jacquelinehood@bowman-lewis.biz', 'Page south family step what pick staff military. Join economy structure field which force while culture.', '12/02/2015', '112305783', '169010218'),
('True', 'griffithwilliam@freeman.com', 'Half about might week turn before. Trial heavy because serious they tonight least back.', '06/14/2016', '113935211', '24398640'),
('True', 'jenningselizabeth@sweeney.com', 'Government remain finish economy.', '12/16/2012', '190249053', '123542148'),
('False', 'kendrapatterson@salinas.com', 'Administration movie gas similar role under.', '05/20/2017', '171901790', '87756729'),
('False', 'ruizheather@freeman.com', 'Laugh before approach pressure. Rock maintain myself collection teacher up.', '12/21/2015', '97108796', '152619887'),
('True', 'marktaylor@haynes.com', 'Local beyond miss too tax. Matter do community recently father free ready. Director at administration field true charge able.', '06/02/2010', '74036265', '97669155'),
('False', 'wterry@jones.org', 'Save lose stuff final meeting their. Alone us charge family wish. Take chance unit appear to cell road wrong.', '12/08/2015', '7160127', '99703810'),
('True', 'douglashatfield@decker-woodard.com', 'Perform hold group environment instead back anything. News later natural.', '06/14/2013', '46445539', '100165161'),
('False', 'marktaylor@haynes.com', 'Stay parent win probably. Practice movie compare Republican factor according four.', '02/15/2016', '194082616', '139180174'),
('True', 'jacquelinehood@bowman-lewis.biz', 'Heart president hand hospital thought quite. South mention but protect everyone. Card relate your evidence. Someone remember fact operation agreement concern.', '06/14/2017', '192757551', '179530548'),
('True', 'shelley15@moran.com', 'Current growth president parent hear local focus.', '04/30/2017', '87233476', '120273253'),
('True', 'shelley15@moran.com', 'Congress partner bring up into probably safe. Peace modern show imagine factor newspaper. Trade discover hand program reason.', '03/04/2015', '165345242', '136506497'),
('False', 'kendrapatterson@salinas.com', 'Per want manager total turn than. Development course public visit. Wall ready whose pass draw kitchen house. Especially child around day.', '01/25/2014', '185432966', '180435208'),
('True', 'kevincannon@sims.biz', 'Pressure assume message. Expect window choice on shake side. Purpose become give.', '06/28/2011', '111881402', '123893379'),
('True', 'jennifermedina@edwards.com', 'Form receive to nor player. Meeting worker history. Whole top compare quickly voice require.', '02/16/2015', '43329507', '164710710'),
('True', 'lowetimothy@collier.biz', 'Special animal personal south husband simple design. Simple not cost green your system.', '05/17/2010', '64839386', '96241793'),
('False', 'jacquelinehood@bowman-lewis.biz', 'Movie discussion window themselves movie firm put. General available can drug top seat star report. Rich drive pretty tell girl toward film.', '10/02/2013', '145815732', '69583624'),
('False', 'marc24@lewis.org', 'Oil sure again room easy art human. Concern these approach ever. Buy strong author line certainly ten PM.', '10/11/2011', '165291873', '22449453'),
('True', 'lpotts@mayo.org', 'There reflect little send. Few especially firm suffer. Movement feel shoulder standard either wall memory. Field and event.', '07/03/2015', '40216914', '96525174'),
('False', 'ronald25@fields.com', 'Customer right network employee still pass eat. Them resource college think mind.', '06/16/2010', '48215416', '85394699'),
('False', 'ronald25@fields.com', 'Order concern reduce security. Daughter with difficult perform old whose top. Fast board realize still senior song carry.', '12/26/2013', '58995987', '124405837'),
('True', 'kevincannon@sims.biz', 'Within foot claim view reveal history. When dark box include.', '03/16/2018', '29350554', '131197693'),
('False', 'jacquelinehood@bowman-lewis.biz', 'Center bill story newspaper claim edge explain. Follow country cup rock line. Upon put statement whether work appear.', '01/03/2012', '93190131', '189579249'),
('True', 'douglashatfield@decker-woodard.com', 'Professional entire purpose. Difficult recently law condition drug.', '02/12/2016', '179858867', '197792278'),
('False', 'griffithwilliam@freeman.com', 'Bill artist either school executive almost. Put true special official.', '01/23/2012', '63440309', '171515169'),
('True', 'flyons@wall.com', 'Alone share baby four. Anyone discussion health affect thank figure control. Computer hundred entire. Ground tax voice pattern money couple.', '07/04/2015', '123613786', '144926313'),
('True', 'nguyenryan@peck.com', 'Gas spend interest cover beat why. Society character special list. Example discuss character beat. Build consumer similar forward would.', '05/07/2013', '169959714', '112083741'),
('False', 'kendrapatterson@salinas.com', 'Old color order such let price theory.', '02/09/2013', '9101031', '160242981'),
('True', 'wterry@jones.org', 'Again different station foreign responsibility risk. Interesting third mother most.', '07/09/2015', '23998353', '113833261'),
('True', 'uhoward@thomas.net', 'Far especially commercial chance body. Brother discussion shake heart bar significant green explain.', '06/27/2016', '70901088', '148889697'),
('True', 'uhoward@thomas.net', 'Customer information account now. So fast everything do think.', '07/31/2012', '10098021', '66117931'),
('False', 'marktaylor@haynes.com', 'Know method president open worker about. Hospital human example someone.', '06/23/2011', '4433046', '121747010'),
('False', 'cindywong@clark-torres.biz', 'Animal exactly leg record federal evening here. Hope bring political late position eight good. Generation Congress blood.', '09/25/2015', '151766279', '185474283'),
('True', 'jennifermedina@edwards.com', 'Fear fall institution maintain right.', '04/10/2016', '107103369', '61365522'),
('False', 'jacquelinehood@bowman-lewis.biz', 'Economic site the near sometimes on account. Experience believe guess increase. From bed air know wonder morning support.', '05/27/2012', '58843181', '17038264'),
('False', 'nguyenryan@peck.com', 'Whose onto charge career.', '11/16/2016', '36643792', '158980857'),
('True', 'sarah68@fletcher.com', 'Air attention nearly the huge along. Positive can stage help.', '01/18/2015', '43193005', '38742492'),
('True', 'marc24@lewis.org', 'Evening operation cause idea either. Thought seven song fund learn. Understand science out music would.', '04/14/2014', '110210054', '48787305'),
('True', 'ruizheather@freeman.com', 'Set job whom clearly imagine. Later art trial police. Want save finish mother teach six already.', '06/21/2016', '113025904', '81094347'),
('False', 'cindywong@clark-torres.biz', 'Talk democratic control someone affect system voice sense. Condition page partner right either church head.', '10/23/2014', '127057463', '145366237'),
('True', 'petersonmichael@miller-gray.com', 'Western main shake occur respond. Range young Congress.', '02/06/2018', '31698643', '189266057'),
('True', 'lpotts@mayo.org', 'Finally let last hold foot. School imagine citizen PM require small shoulder.', '08/02/2013', '64184582', '105657638'),
('False', 'jennifermedina@edwards.com', 'Not pass while could choice camera country. Under time environment better.', '11/24/2013', '132004551', '38377561'),
('False', 'uhoward@thomas.net', 'Collection political difference prepare agreement move send.', '09/10/2014', '60065755', '174669675'),
('False', 'nguyenryan@peck.com', 'Read lose design south. Perhaps certainly great herself field career. Side stay science company exactly woman.', '04/16/2015', '109450596', '156427182'),
('False', 'trananthony@brown.com', 'Thus hand let myself total voice. Party technology I outside official teach small area. Reflect ask available fast drop.', '09/25/2015', '77665044', '37392958'),
('False', 'michaelrogers@johnston-zavala.com', 'Wife try discuss good. To forward join bar. Catch though return interesting simple. Father military be lot page.', '12/26/2013', '160790219', '188612865'),
('False', 'nguyenryan@peck.com', 'Especially per its see. Rock which defense school win. Ready million reflect late.', '07/05/2015', '151526975', '20319926'),
('True', 'jennifermedina@edwards.com', 'Which decade someone according nation anyone have. Road any teacher fact million agreement once.', '06/14/2012', '34057144', '176724173'),
('False', 'kevincannon@sims.biz', 'Space then big around bit. Idea control stop voice. Push feel produce own challenge.', '11/18/2016', '8137724', '195404197'),
('True', 'lpotts@mayo.org', 'Pressure everyone player class trouble hot miss. Help bank citizen. Manager billion plant million.', '05/10/2012', '187926377', '64666314'),
('True', 'wterry@jones.org', 'Natural join mind just give then about just. Assume author everything eat operation above record drop. Affect face increase sense conference less.', '03/17/2015', '9416306', '98448041'),
('False', 'lowetimothy@collier.biz', 'Perhaps eye wear read day pressure surface. Until land air hospital.', '10/21/2015', '122219813', '54670286'),
('True', 'shelley15@moran.com', 'Difference cut there put already. Whether technology develop position ok sense. Reflect behind beautiful western less recently task.', '10/28/2017', '161962845', '136090182'),
('False', 'ruizheather@freeman.com', 'Kitchen mother coach involve page hour receive. By tax better own around ground foot. Year upon do want stop bring today.', '11/23/2013', '52166092', '22430473'),
('False', 'michaelrogers@johnston-zavala.com', 'Car before reflect support away seven Republican.', '08/18/2017', '41400696', '32946938'),
('False', 'thomaspeters@rodriguez.com', 'People reach suffer federal agreement child opportunity short. Standard interesting heavy prevent economy its thank quality. Early change travel.', '08/27/2012', '130879488', '110246701'),
('False', 'marktaylor@haynes.com', 'Time future she beautiful lawyer church. Say street security kitchen them develop.', '09/29/2017', '188063483', '89147245'),
('False', 'ryanmarshall@greene.com', 'North suddenly nor money. Rather main reflect health court wide. Address themselves detail place recent hotel buy.', '07/26/2012', '60864264', '161393732'),
('False', 'uhoward@thomas.net', 'Charge do probably turn. Executive service include response money democratic discussion.', '01/27/2016', '32576384', '43332598'),
('True', 'wterry@jones.org', 'Professor recently six. See still campaign too themselves. Military human field read those floor.', '03/26/2015', '88251960', '30354917'),
('True', 'cindywong@clark-torres.biz', 'Claim thank compare there vote. Total least compare character.', '08/31/2013', '164491405', '91184946'),
('False', 'marktaylor@haynes.com', 'Character check recent agency ten. Owner happy allow respond. Would information action garden arm detail film.', '01/16/2018', '128109793', '172355167'),
('False', 'kendrapatterson@salinas.com', 'Size rise ten allow explain structure. Wait state itself true I method. Well tough way why firm argue support.', '03/03/2014', '8766110', '186395699'),
('False', 'jennifermedina@edwards.com', 'Near area forward concern.', '02/26/2014', '99497422', '134749170'),
('True', 'lowetimothy@collier.biz', 'Democratic adult doctor language seem near. Specific since continue just send perhaps radio.', '02/03/2014', '3221860', '88314660'),
('True', 'jacquelinehood@bowman-lewis.biz', 'Take simply Mr. Main music quite two practice western. Threat possible mind again. Interesting point interest mean course third cover garden.', '09/14/2016', '18030870', '82259433'),
('False', 'kevincannon@sims.biz', 'Memory example art floor true Mrs. Usually huge young recent. Perform subject strong recently much town.', '05/31/2010', '138171600', '133227059'),
('False', 'thomaspeters@rodriguez.com', 'Attorney quality either south others.', '12/04/2013', '81752150', '31559677'),
('False', 'ryanmarshall@greene.com', 'Go risk budget. Store new value field quite budget.', '10/26/2015', '146135360', '297101'),
('False', 'jenningselizabeth@sweeney.com', 'Must television why wind class guess. Arm wide often store should culture.', '10/09/2015', '58959015', '7872972'),
('False', 'trananthony@brown.com', 'Decade wide because because member day miss.', '06/21/2017', '11920979', '157046763'),
('False', 'kevincannon@sims.biz', 'Space step inside beat. I group perhaps beautiful.', '09/22/2013', '94661360', '185616819'),
('False', 'sharonhensley@thomas.com', 'Range box effect short. General his stop large music.', '09/07/2012', '167397235', '4738530'),
('True', 'ruizheather@freeman.com', 'Whatever quite loss hospital material perhaps war. Move boy live respond service network community. Prevent spring step myself detail.', '01/30/2016', '172793221', '12186285'),
('False', 'jacquelinehood@bowman-lewis.biz', 'Project this hit line treatment really population often.', '08/08/2015', '118315830', '49389650'),
('True', 'griffithwilliam@freeman.com', 'Play office analysis half loss indicate. Friend once board we as approach. Chair better brother personal concern opportunity what friend.', '10/17/2011', '171009792', '33102815'),
('True', 'thomaspeters@rodriguez.com', 'Drop marriage future war. Theory small such apply owner mean.', '12/17/2014', '175504575', '55194998'),
('False', 'ronald25@fields.com', 'Close girl ask education. Watch minute themselves area clear.', '09/22/2015', '63804392', '78727916'),
('True', 'ronald25@fields.com', 'Inside peace expect last building foreign. Close will strategy one manager visit. Have when quickly term senior sound draw end.', '05/06/2010', '8728202', '90673397'),
('False', 'marc24@lewis.org', 'Even spend mean throw industry process doctor. Television attorney religious effect direction town kitchen better. Offer each remember go drive.', '01/02/2015', '11454507', '115846263'),
('False', 'cindywong@clark-torres.biz', 'Back which defense its institution. Mr remember two edge rock happy sometimes.', '05/26/2013', '57352874', '161516818'),
('True', 'sharonhensley@thomas.com', 'Require person still energy employee economy. Conference fear reality front partner enter think important. Exist price may consider far note tell. Democrat future from mean discussion fill bag worry.', '04/14/2010', '144922519', '113230247'),
('False', 'griffithwilliam@freeman.com', 'Check herself media cold deal. Page sort leave.', '12/13/2012', '180265472', '24722595'),
('False', 'ronald25@fields.com', 'Meeting may might soon all design. Report physical class even.', '12/10/2013', '177768378', '35848218'),
('True', 'kevincannon@sims.biz', 'Candidate word produce improve only reach voice. Mission myself total all hair. Notice job power for agree skin school.', '07/19/2013', '152578270', '137908617'),
('True', 'jenningselizabeth@sweeney.com', 'Trade authority process strong draw themselves. Case especially guess outside start. Detail table sing ability style. President American include stuff leave.', '11/26/2013', '186838984', '48746696'),
('False', 'uhoward@thomas.net', 'Customer often school lead thus. Area again church where own yet possible father.', '05/02/2011', '99980809', '49850526'),
('False', 'douglashatfield@decker-woodard.com', 'Four decide because season with maintain. Our east add actually entire recent between. South government hair little cultural.', '07/18/2012', '158590840', '125145638'),
('True', 'lgarza@moreno-villarreal.com', 'Truth add consider physical picture week ask. Art answer into with report camera store. Responsibility why ago very measure chance. Product record smile chance open physical.', '10/10/2017', '55683911', '146961591'),
('True', 'xenglish@mcdaniel.com', 'Along focus left others. Reflect wait air this daughter challenge have.', '07/20/2017', '57590501', '82912418'),
('True', 'sarah68@fletcher.com', 'Enter her truth style century finish. Draw Democrat guess quality. Page maybe however difficult policy.', '06/06/2015', '184461307', '184400436'),
('False', 'jacquelinehood@bowman-lewis.biz', 'Get case hundred grow station past employee. Rich maybe picture thus high appear detail near. Maintain already western doctor. Early stage need measure.', '12/09/2017', '67929267', '50699936'),
('False', 'thomaspeters@rodriguez.com', 'Production why cover civil chair budget. One or night kitchen effect yourself commercial. Later close see they yard himself serious. Sea market source woman far term task.', '01/12/2010', '191398207', '60898273'),
('False', 'sharonhensley@thomas.com', 'Might guy prepare close call call movement. Area consider prepare.', '07/05/2011', '195764135', '153491235'),
('False', 'ryanmarshall@greene.com', 'Win century performance cold same shoulder recent through. Unit because plant. My enter measure security determine ability.', '01/25/2016', '6061211', '68066899'),
('True', 'shelley15@moran.com', 'Be fire job. Point law firm news resource despite. Respond likely manage score reduce toward.', '09/03/2011', '63188926', '25727590'),
('True', 'ronald25@fields.com', 'Everybody event sign evidence collection. Sell service sense choice author fast training.', '09/15/2010', '154857415', '83423538'),
('True', 'marc24@lewis.org', 'Grow special everything particular which in financial. Paper lay military style cause never. Cover during finish tend floor. Phone vote alone century common.', '05/02/2016', '41270353', '99600389'),
('True', 'jenningselizabeth@sweeney.com', 'Keep talk rule dream whole beautiful.', '12/10/2010', '171586117', '175204505'),
('True', 'ryanmarshall@greene.com', 'A list upon ago. Across after catch pass be. To leave respond raise. Ahead feel century term else tend seat contain.', '10/17/2011', '152063966', '28906146'),
('True', 'richardallison@morrow-jackson.net', 'Nor garden minute organization according think society. Everyone relationship best range.', '03/08/2010', '119018806', '65072977'),
('False', 'kendrapatterson@salinas.com', 'Dog strategy wish. Dark author town appear. Lawyer policy travel network. Share he article why.', '03/22/2018', '14045801', '150480883'),
('False', 'cindywong@clark-torres.biz', 'Shake official her thus require past call. White collection crime effect kitchen federal road.', '02/08/2018', '164015369', '38297361'),
('False', 'xenglish@mcdaniel.com', 'Area friend break real truth available within. People prepare five nothing.', '10/15/2016', '17644430', '164949350'),
('True', 'ryanmarshall@greene.com', 'Goal talk water street. Animal discuss key forward water than southern.', '02/15/2014', '62427281', '54235850'),
('True', 'ryanmarshall@greene.com', 'Commercial image shake pay establish top low. Sign food left newspaper media husband us glass. Your cause effort issue soon.', '07/23/2011', '32582979', '157197588'),
('True', 'lpotts@mayo.org', 'Market identify successful cut yourself animal. System whether month science house.', '01/20/2010', '21661585', '2938646'),
('False', 'marc24@lewis.org', 'Bed thought strong democratic. Back significant through they. Focus road star short.', '03/09/2011', '164806625', '170467334'),
('False', 'richardallison@morrow-jackson.net', 'Similar eight should call administration least. Region beyond finally easy race work news.', '12/08/2013', '51008804', '92687672'),
('True', 'marktaylor@haynes.com', 'Every choice room their every nearly.', '11/05/2012', '139618426', '170529197'),
('False', 'trananthony@brown.com', 'Your allow strong enough. Low really thus character us perhaps. Job help build mention so computer.', '04/07/2011', '99217216', '170499466'),
('True', 'sarah68@fletcher.com', 'Every sign why past by shake. Agency must drug must.', '05/23/2016', '31852708', '37254138'),
('True', 'sarah68@fletcher.com', 'Fire approach quality. Government practice subject outside able. Might for him game keep everybody speech action.', '08/19/2011', '175845225', '167766800'),
('True', 'ruizheather@freeman.com', 'Human help new fire. Event tend quite economic.', '10/06/2013', '139331568', '45526652'),
('False', 'richardallison@morrow-jackson.net', 'Left once local here either. Color pass score do. Answer second sport never person law quite.', '11/25/2014', '24389481', '175412884'),
('True', 'marc24@lewis.org', 'Deep green public.', '06/17/2011', '42293673', '30177900'),
('True', 'sarah68@fletcher.com', 'Imagine Mrs important if project. Physical seek candidate girl. Way employee close rise.', '02/01/2012', '166715710', '56427168'),
('True', 'trananthony@brown.com', 'Fish rate those institution should window. Woman morning open prepare professor stock campaign range. Continue when car management bank show often section.', '09/13/2013', '18009210', '153376928'),
('True', 'jennifermedina@edwards.com', 'Class improve product sea discuss hard heart account. Trip federal medical west party drive market. While up interesting some financial capital mention.', '11/17/2013', '53209423', '6829696'),
('True', 'griffithwilliam@freeman.com', 'Medical model wall guy which. My board event. Certainly very approach such may detail.', '07/27/2014', '183112982', '43826682'),
('False', 'sarah68@fletcher.com', 'Walk most main push local. Others skin family watch. Everything today near contain like customer throughout.', '03/19/2017', '104750650', '9940032'),
('True', 'petersonmichael@miller-gray.com', 'Drug edge miss. Born always night feel. Majority firm politics.', '11/23/2016', '111558223', '188710943'),
('False', 'marc24@lewis.org', 'Identify month hold rise subject generation. Begin value remember though mention notice item ever.', '05/19/2010', '16321556', '62611408'),
('True', 'griffithwilliam@freeman.com', 'Ability main class plant notice yes great. Box base scene long.', '09/01/2012', '71667297', '192130850'),
('False', 'lgarza@moreno-villarreal.com', 'Bad policy bit meeting. List particularly important day thank improve six. Else maintain coach common realize something.', '01/05/2017', '76837323', '154622100'),
('True', 'nguyenryan@peck.com', 'Her issue notice business begin. Name they financial opportunity.', '12/26/2011', '120950417', '40699277'),
('False', 'shelley15@moran.com', 'Only develop sister eight team. Child high size financial exist sense. Issue across bad approach production pay.', '06/04/2016', '124408599', '153513520'),
('True', 'kendrapatterson@salinas.com', 'More situation blood. American sea join. Visit other fill. Institution level still meeting country window.', '04/20/2011', '15563733', '24767416'),
('True', 'cindywong@clark-torres.biz', 'Find mother from. Mention really employee receive movement bit.', '08/14/2014', '7651983', '99679310'),
('True', 'marc24@lewis.org', 'Role effect put herself create. White poor agent prevent foreign them. Situation anyone five deal service contain without. Property have life effort book hair most report.', '07/21/2015', '125706628', '13199730'),
('True', 'flyons@wall.com', 'Thing pull eat notice. Determine magazine every though. Make hot dog hour.', '10/20/2017', '110411947', '53199515'),
('False', 'douglashatfield@decker-woodard.com', 'Democrat receive produce attention. Article blue hospital yard dinner minute.', '10/28/2013', '40367905', '18788517'),
('False', 'lgarza@moreno-villarreal.com', 'Success high visit for I. Loss democratic part word local. Specific fast by break.', '09/05/2016', '10481944', '172084977'),
('False', 'richardallison@morrow-jackson.net', 'Her board situation can audience west professor. Situation listen study letter.', '10/13/2016', '17603404', '184262898'),
('False', 'thomaspeters@rodriguez.com', 'Car employee southern upon. Strong someone decide way write look prove. Determine service open truth other improve list.', '08/13/2015', '182785211', '95697890'),
('True', 'lgarza@moreno-villarreal.com', 'Happen place perhaps rest. Music they rest all particularly truth. Each his safe.', '08/10/2017', '71659563', '17107222'),
('False', 'nguyenryan@peck.com', 'Go space employee particular significant leader lawyer ball. Program opportunity southern natural pressure movie friend society.', '07/02/2011', '83571550', '42765564'),
('False', 'lgarza@moreno-villarreal.com', 'Born sell office remember boy law friend fire. Example join travel trouble president cup eat structure. Mother safe main you information left.', '07/04/2015', '198114275', '150944080'),
('True', 'cindywong@clark-torres.biz', 'Ok challenge source collection usually explain.', '02/17/2014', '34542538', '141774285'),
('True', 'trananthony@brown.com', 'Glass wife then mother memory money guy. Alone style public offer concern. Rather eat three look along benefit.', '09/21/2011', '56247120', '71384022'),
('True', 'ruizheather@freeman.com', 'Move same nothing minute kind still speak.', '10/29/2017', '162683844', '163333376'),
('False', 'petersonmichael@miller-gray.com', 'Later official model situation manager with. Radio paper white cost. Style human rather parent money.', '03/13/2010', '2821637', '84450758'),
('True', 'uhoward@thomas.net', 'Include ask single answer billion nice. Establish cup within soldier else race respond. Experience visit high son.', '08/27/2012', '161585010', '122424358'),
('True', 'xenglish@mcdaniel.com', 'Prepare view growth account court. Look modern forward worry fight herself go.', '06/21/2011', '7665740', '105179286'),
('True', 'petersonmichael@miller-gray.com', 'Team as peace discuss scientist. Eat agreement note despite either stand.', '01/20/2018', '132335041', '97588700'),
('False', 'sarah68@fletcher.com', 'Democrat while either. Fast would small.', '01/19/2018', '149194652', '128298424'),
('True', 'xenglish@mcdaniel.com', 'Large there thus country century dinner song. Think man enter. Wife brother commercial at condition open.', '03/29/2016', '58184568', '112193526'),
('False', 'nguyenryan@peck.com', 'Director democratic hope project remain even low. Place finish represent situation me. Song mind drop drop poor company during.', '11/07/2014', '4464741', '172595675'),
('True', 'lpotts@mayo.org', 'Other summer pick create way receive. Child whether window grow it field then. Car ten per her drug.', '07/29/2017', '128905540', '133379098'),
('False', 'lpotts@mayo.org', 'Wait peace public meeting. Attorney decide in reason play unit.', '04/15/2010', '50380092', '67926602'),
('False', 'shelley15@moran.com', 'Social color population base. Herself put what establish possible magazine. That reality suddenly understand office tell indeed summer. Guess white cover PM.', '03/23/2013', '194792379', '161302790'),
('False', 'richardallison@morrow-jackson.net', 'Heavy experience interest suddenly effort fall per. Forget put his million more.', '03/02/2018', '42255484', '84674746'),
('False', 'kevincannon@sims.biz', 'Unit mean something off. Loss to among oil seek.', '07/15/2011', '51266216', '155082564'),
('False', 'jacquelinehood@bowman-lewis.biz', 'International within many occur soon she.', '10/18/2012', '179485535', '105648450'),
('True', 'douglashatfield@decker-woodard.com', 'Source skill seem. Perhaps assume my heavy significant affect. When garden four place management training. Entire court how beat move.', '11/18/2017', '64362735', '154593276');
